Year,Month,All Items,Food and Non-Alcoholic Beverages,Alcoholic Beverages and Tobacco,Clothing and Footwear,"Housing, Water, Electricity, Gas, and other Fuels","Furnishing, Household Equipment and Routine Household Maintenance",Health,Transport,Information and Communication,"Recreation, Sport and Culture",Education Services,Restaurants and Accommodation Services,Financial Services,"Personal Care, and Miscellaneous Goods and Services"
1957,Jan,0.838754109,,,,,,,,,,,,,
1957,Feb,0.838754109,,,,,,,,,,,,,
1957,Mar,0.838754109,,,,,,,,,,,,,
1957,Apr,0.838754109,,,,,,,,,,,,,
1957,May,0.838754109,,,,,,,,,,,,,
1957,Jun,0.845306876,,,,,,,,,,,,,
1957,Jul,0.858412409,,,,,,,,,,,,,
1957,Aug,0.864965175,,,,,,,,,,,,,
1957,Sep,0.871517942,,,,,,,,,,,,,
1957,Oct,0.884623475,,,,,,,,,,,,,
1957,Nov,0.884623475,,,,,,,,,,,,,
1957,Dec,0.884623475,,,,,,,,,,,,,
1958,Jan,0.891176241,,,,,,,,,,,,,
1958,Feb,0.891176241,,,,,,,,,,,,,
1958,Mar,0.884623475,,,,,,,,,,,,,
1958,Apr,0.884623475,,,,,,,,,,,,,
1958,May,0.891176241,,,,,,,,,,,,,
1958,Jun,0.891176241,,,,,,,,,,,,,
1958,Jul,0.891176241,,,,,,,,,,,,,
1958,Aug,0.891176241,,,,,,,,,,,,,
1958,Sep,0.891176241,,,,,,,,,,,,,
1958,Oct,0.891176241,,,,,,,,,,,,,
1958,Nov,0.891176241,,,,,,,,,,,,,
1958,Dec,0.878070708,,,,,,,,,,,,,
1959,Jan,0.871517942,,,,,,,,,,,,,
1959,Feb,0.871517942,,,,,,,,,,,,,
1959,Mar,0.871517942,,,,,,,,,,,,,
1959,Apr,0.871517942,,,,,,,,,,,,,
1959,May,0.871517942,,,,,,,,,,,,,
1959,Jun,0.871517942,,,,,,,,,,,,,
1959,Jul,0.884623475,,,,,,,,,,,,,
1959,Aug,0.884623475,,,,,,,,,,,,,
1959,Sep,0.884623475,,,,,,,,,,,,,
1959,Oct,0.891176241,,,,,,,,,,,,,
1959,Nov,0.904281774,,,,,,,,,,,,,
1959,Dec,0.904281774,,,,,,,,,,,,,
1960,Jan,0.910834541,,,,,,,,,,,,,
1960,Feb,0.897729008,,,,,,,,,,,,,
1960,Mar,0.891176241,,,,,,,,,,,,,
1960,Apr,0.897729008,,,,,,,,,,,,,
1960,May,0.910834541,,,,,,,,,,,,,
1960,Jun,0.917387307,,,,,,,,,,,,,
1960,Jul,0.923940074,,,,,,,,,,,,,
1960,Aug,0.943598373,,,,,,,,,,,,,
1960,Sep,0.95015114,,,,,,,,,,,,,
1960,Oct,0.956703906,,,,,,,,,,,,,
1960,Nov,0.956703906,,,,,,,,,,,,,
1960,Dec,0.956703906,,,,,,,,,,,,,
1961,Jan,0.95015114,,,,,,,,,,,,,
1961,Feb,0.95015114,,,,,,,,,,,,,
1961,Mar,0.943598373,,,,,,,,,,,,,
1961,Apr,0.943598373,,,,,,,,,,,,,
1961,May,0.95015114,,,,,,,,,,,,,
1961,Jun,0.95015114,,,,,,,,,,,,,
1961,Jul,0.963256673,,,,,,,,,,,,,
1961,Aug,0.976362205,,,,,,,,,,,,,
1961,Sep,0.989467738,,,,,,,,,,,,,
1961,Oct,0.976362205,,,,,,,,,,,,,
1961,Nov,0.963256673,,,,,,,,,,,,,
1961,Dec,0.956703906,,,,,,,,,,,,,
1962,Jan,0.956703906,,,,,,,,,,,,,
1962,Feb,0.963256673,,,,,,,,,,,,,
1962,Mar,0.956703906,,,,,,,,,,,,,
1962,Apr,0.956703906,,,,,,,,,,,,,
1962,May,0.963256673,,,,,,,,,,,,,
1962,Jun,0.976362205,,,,,,,,,,,,,
1962,Jul,0.976362205,,,,,,,,,,,,,
1962,Aug,0.996020505,,,,,,,,,,,,,
1962,Sep,0.996020505,,,,,,,,,,,,,
1962,Oct,0.996020505,,,,,,,,,,,,,
1962,Nov,1.002573271,,,,,,,,,,,,,
1962,Dec,1.002573271,,,,,,,,,,,,,
1963,Jan,1.002573271,,,,,,,,,,,,,
1963,Feb,1.002573271,,,,,,,,,,,,,
1963,Mar,1.015678804,,,,,,,,,,,,,
1963,Apr,1.028784337,,,,,,,,,,,,,
1963,May,1.028784337,,,,,,,,,,,,,
1963,Jun,1.04188987,,,,,,,,,,,,,
1963,Jul,1.048442637,,,,,,,,,,,,,
1963,Aug,1.06154817,,,,,,,,,,,,,
1963,Sep,1.100864769,,,,,,,,,,,,,
1963,Oct,1.100864769,,,,,,,,,,,,,
1963,Nov,1.100864769,,,,,,,,,,,,,
1963,Dec,1.100864769,,,,,,,,,,,,,
1964,Jan,1.100864769,,,,,,,,,,,,,
1964,Feb,1.100864769,,,,,,,,,,,,,
1964,Mar,1.100864769,,,,,,,,,,,,,
1964,Apr,1.113970302,,,,,,,,,,,,,
1964,May,1.113970302,,,,,,,,,,,,,
1964,Jun,1.120523068,,,,,,,,,,,,,
1964,Jul,1.146734134,,,,,,,,,,,,,
1964,Aug,1.159839667,,,,,,,,,,,,,
1964,Sep,1.146734134,,,,,,,,,,,,,
1964,Oct,1.140181367,,,,,,,,,,,,,
1964,Nov,1.140181367,,,,,,,,,,,,,
1964,Dec,1.159839667,,,,,,,,,,,,,
1965,Jan,1.146734134,,,,,,,,,,,,,
1965,Feb,1.133628601,,,,,,,,,,,,,
1965,Mar,1.133628601,,,,,,,,,,,,,
1965,Apr,1.140181367,,,,,,,,,,,,,
1965,May,1.133628601,,,,,,,,,,,,,
1965,Jun,1.133628601,,,,,,,,,,,,,
1965,Jul,1.140181367,,,,,,,,,,,,,
1965,Aug,1.146734134,,,,,,,,,,,,,
1965,Sep,1.146734134,,,,,,,,,,,,,
1965,Oct,1.146734134,,,,,,,,,,,,,
1965,Nov,1.140181367,,,,,,,,,,,,,
1965,Dec,1.146734134,,,,,,,,,,,,,
1966,Jan,1.166392433,,,,,,,,,,,,,
1966,Feb,1.166392433,,,,,,,,,,,,,
1966,Mar,1.1532869,,,,,,,,,,,,,
1966,Apr,1.1532869,,,,,,,,,,,,,
1966,May,1.1729452,,,,,,,,,,,,,
1966,Jun,1.192603499,,,,,,,,,,,,,
1966,Jul,1.186050733,,,,,,,,,,,,,
1966,Aug,1.186050733,,,,,,,,,,,,,
1966,Sep,1.199156266,,,,,,,,,,,,,
1966,Oct,1.199156266,,,,,,,,,,,,,
1966,Nov,1.192603499,,,,,,,,,,,,,
1966,Dec,1.199156266,,,,,,,,,,,,,
1967,Jan,1.231920098,,,,,,,,,,,,,
1967,Feb,1.238472865,,,,,,,,,,,,,
1967,Mar,1.231920098,,,,,,,,,,,,,
1967,Apr,1.218814565,,,,,,,,,,,,,
1967,May,1.218814565,,,,,,,,,,,,,
1967,Jun,1.231920098,,,,,,,,,,,,,
1967,Jul,1.238472865,,,,,,,,,,,,,
1967,Aug,1.251578398,,,,,,,,,,,,,
1967,Sep,1.251578398,,,,,,,,,,,,,
1967,Oct,1.251578398,,,,,,,,,,,,,
1967,Nov,1.271236697,,,,,,,,,,,,,
1967,Dec,1.271236697,,,,,,,,,,,,,
1968,Jan,1.277789464,,,,,,,,,,,,,
1968,Feb,1.264683931,,,,,,,,,,,,,
1968,Mar,1.264683931,,,,,,,,,,,,,
1968,Apr,1.251578398,,,,,,,,,,,,,
1968,May,1.264683931,,,,,,,,,,,,,
1968,Jun,1.264683931,,,,,,,,,,,,,
1968,Jul,1.258131164,,,,,,,,,,,,,
1968,Aug,1.271236697,,,,,,,,,,,,,
1968,Sep,1.271236697,,,,,,,,,,,,,
1968,Oct,1.277789464,,,,,,,,,,,,,
1968,Nov,1.271236697,,,,,,,,,,,,,
1968,Dec,1.271236697,,,,,,,,,,,,,
1969,Jan,1.258131164,,,,,,,,,,,,,
1969,Feb,1.251578398,,,,,,,,,,,,,
1969,Mar,1.251578398,,,,,,,,,,,,,
1969,Apr,1.251578398,,,,,,,,,,,,,
1969,May,1.258131164,,,,,,,,,,,,,
1969,Jun,1.277789464,,,,,,,,,,,,,
1969,Jul,1.290894997,,,,,,,,,,,,,
1969,Aug,1.310553296,,,,,,,,,,,,,
1969,Sep,1.304000529,,,,,,,,,,,,,
1969,Oct,1.310553296,,,,,,,,,,,,,
1969,Nov,1.310553296,,,,,,,,,,,,,
1969,Dec,1.343317128,,,,,,,,,,,,,
1970,Jan,1.356422661,,,,,,,,,,,,,
1970,Feb,1.369528194,,,,,,,,,,,,,
1970,Mar,1.402292027,,,,,,,,,,,,,
1970,Apr,1.428503093,,,,,,,,,,,,,
1970,May,1.428503093,,,,,,,,,,,,,
1970,Jun,1.461266925,,,,,,,,,,,,,
1970,Jul,1.480925224,,,,,,,,,,,,,
1970,Aug,1.50713629,,,,,,,,,,,,,
1970,Sep,1.513689057,,,,,,,,,,,,,
1970,Oct,1.546452889,,,,,,,,,,,,,
1970,Nov,1.611980554,,,,,,,,,,,,,
1970,Dec,1.625086087,,,,,,,,,,,,,
1971,Jan,1.684060985,,,,,,,,,,,,,
1971,Feb,1.703719285,,,,,,,,,,,,,
1971,Mar,1.723377584,,,,,,,,,,,,,
1971,Apr,1.716824818,,,,,,,,,,,,,
1971,May,1.723377584,,,,,,,,,,,,,
1971,Jun,1.736483117,,,,,,,,,,,,,
1971,Jul,1.802010782,,,,,,,,,,,,,
1971,Aug,1.828221848,,,,,,,,,,,,,
1971,Sep,1.847880147,,,,,,,,,,,,,
1971,Oct,1.867538447,,,,,,,,,,,,,
1971,Nov,1.874091213,,,,,,,,,,,,,
1971,Dec,1.893749513,,,,,,,,,,,,,
1972,Jan,1.946171644,,,,,,,,,,,,,
1972,Feb,1.985488243,,,,,,,,,,,,,
1972,Mar,1.926513345,,,,,,,,,,,,,
1972,Apr,1.97238271,,,,,,,,,,,,,
1972,May,2.011699309,,,,,,,,,,,,,
1972,Jun,2.044463142,,,,,,,,,,,,,
1972,Jul,2.129649106,,,,,,,,,,,,,
1972,Aug,2.10343804,,,,,,,,,,,,,
1972,Sep,2.116543573,,,,,,,,,,,,,
1972,Oct,2.083779741,,,,,,,,,,,,,
1972,Nov,1.985488243,,,,,,,,,,,,,
1972,Dec,1.985488243,,,,,,,,,,,,,
1973,Jan,2.083779741,,,,,,,,,,,,,
1973,Feb,2.096885274,,,,,,,,,,,,,
1973,Mar,2.123096339,,,,,,,,,,,,,
1973,Apr,2.162412938,,,,,,,,,,,,,
1973,May,2.221387837,,,,,,,,,,,,,
1973,Jun,2.280362735,,,,,,,,,,,,,
1973,Jul,2.358995933,,,,,,,,,,,,,
1973,Aug,2.463840196,,,,,,,,,,,,,
1973,Sep,2.535920628,,,,,,,,,,,,,
1973,Oct,2.535920628,,,,,,,,,,,,,
1973,Nov,2.594895526,,,,,,,,,,,,,
1973,Dec,2.653870424,,,,,,,,,,,,,
1974,Jan,2.804584053,,,,,,,,,,,,,
1974,Feb,2.863558952,,,,,,,,,,,,,
1974,Mar,2.915981083,,,,,,,,,,,,,
1974,Apr,2.942192149,,,,,,,,,,,,,
1974,May,3.007719814,,,,,,,,,,,,,
1974,Jun,3.073247479,,,,,,,,,,,,,
1974,Jul,3.191197276,,,,,,,,,,,,,
1974,Aug,3.230513875,,,,,,,,,,,,,
1974,Sep,3.243619407,,,,,,,,,,,,,
1974,Oct,3.25672494,,,,,,,,,,,,,
1974,Nov,3.27638324,,,,,,,,,,,,,
1974,Dec,3.243619407,,,,,,,,,,,,,
1975,Jan,3.217408342,,,,,,,,,,,,,
1975,Feb,3.191197276,,,,,,,,,,,,,
1975,Mar,3.171538976,,,,,,,,,,,,,
1975,Apr,3.191197276,,,,,,,,,,,,,
1975,May,3.204302809,,,,,,,,,,,,,
1975,Jun,3.197750042,,,,,,,,,,,,,
1975,Jul,3.230513875,,,,,,,,,,,,,
1975,Aug,3.250172174,,,,,,,,,,,,,
1975,Sep,3.269830473,,,,,,,,,,,,,
1975,Oct,3.263277707,,,,,,,,,,,,,
1975,Nov,3.27638324,,,,,,,,,,,,,
1975,Dec,3.296041539,,,,,,,,,,,,,
1976,Jan,3.374674737,,,,,,,,,,,,,
1976,Feb,3.407438569,,,,,,,,,,,,,
1976,Mar,3.433649635,,,,,,,,,,,,,
1976,Apr,3.446755168,,,,,,,,,,,,,
1976,May,3.479519001,,,,,,,,,,,,,
1976,Jun,3.538493899,,,,,,,,,,,,,
1976,Jul,3.571257731,,,,,,,,,,,,,
1976,Aug,3.584363264,,,,,,,,,,,,,
1976,Sep,3.604021564,,,,,,,,,,,,,
1976,Oct,3.617127097,,,,,,,,,,,,,
1976,Nov,3.636785396,,,,,,,,,,,,,
1976,Dec,3.676101995,,,,,,,,,,,,,
1977,Jan,3.715418594,,,,,,,,,,,,,
1977,Feb,3.735076893,,,,,,,,,,,,,
1977,Mar,3.761287959,,,,,,,,,,,,,
1977,Apr,3.794051792,,,,,,,,,,,,,
1977,May,3.813710091,,,,,,,,,,,,,
1977,Jun,3.866132223,,,,,,,,,,,,,
1977,Jul,3.931659888,,,,,,,,,,,,,
1977,Aug,3.96442372,,,,,,,,,,,,,
1977,Sep,3.990634786,,,,,,,,,,,,,
1977,Oct,4.003740319,,,,,,,,,,,,,
1977,Nov,4.023398619,,,,,,,,,,,,,
1977,Dec,4.056162451,,,,,,,,,,,,,
1978,Jan,4.07582075,,,,,,,,,,,,,
1978,Feb,4.07582075,,,,,,,,,,,,,
1978,Mar,4.056162451,,,,,,,,,,,,,
1978,Apr,4.062715217,,,,,,,,,,,,,
1978,May,4.069267984,,,,,,,,,,,,,
1978,Jun,4.09547905,,,,,,,,,,,,,
1978,Jul,4.154453948,,,,,,,,,,,,,
1978,Aug,4.193770547,,,,,,,,,,,,,
1978,Sep,4.226534379,,,,,,,,,,,,,
1978,Oct,4.259298212,,,,,,,,,,,,,
1978,Nov,4.324825877,,,,,,,,,,,,,
1978,Dec,4.331378643,,,,,,,,,,,,,
1979,Jan,4.44932844,,,,,,,,,,,,,
1979,Feb,4.44932844,,,,,,,,,,,,,
1979,Mar,4.527961637,,,,,,,,,,,,,
1979,Apr,4.691780799,,,,,,,,,,,,,
1979,May,4.790072297,,,,,,,,,,,,,
1979,Jun,4.868705494,,,,,,,,,,,,,
1979,Jul,4.966996992,,,,,,,,,,,,,
1979,Aug,5.058735722,,,,,,,,,,,,,
1979,Sep,5.124263387,,,,,,,,,,,,,
1979,Oct,5.176685519,,,,,,,,,,,,,
1979,Nov,5.229107651,,,,,,,,,,,,,
1979,Dec,5.301188082,,,,,,,,,,,,,
1980,Jan,5.281529783,,,,,,,,,,,,,
1980,Feb,5.451901711,,,,,,,,,,,,,
1980,Mar,5.537087675,,,,,,,,,,,,,
1980,Apr,5.596062574,,,,,,,,,,,,,
1980,May,5.655037472,,,,,,,,,,,,,
1980,Jun,5.694354071,,,,,,,,,,,,,
1980,Jul,5.779540035,,,,,,,,,,,,,
1980,Aug,5.851620466,,,,,,,,,,,,,
1980,Sep,5.910595365,,,,,,,,,,,,,
1980,Oct,5.97612303,,,,,,,,,,,,,
1980,Nov,6.048203461,,,,,,,,,,,,,
1980,Dec,6.113731126,,,,,,,,,,,,,
1981,Jan,6.159600491,,,,,,,,,,,,,
1981,Feb,6.159600491,,,,,,,,,,,,,
1981,Mar,6.159600491,,,,,,,,,,,,,
1981,Apr,6.225128156,,,,,,,,,,,,,
1981,May,6.225128156,,,,,,,,,,,,,
1981,Jun,6.290655821,,,,,,,,,,,,,
1981,Jul,6.487238815,,,,,,,,,,,,,
1981,Aug,6.487238815,,,,,,,,,,,,,
1981,Sep,6.487238815,,,,,,,,,,,,,
1981,Oct,6.55276648,,,,,,,,,,,,,
1981,Nov,6.618294145,,,,,,,,,,,,,
1981,Dec,6.683821809,,,,,,,,,,,,,
1982,Jan,6.814877139,,,,,,,,,,,,,
1982,Feb,6.814877139,,,,,,,,,,,,,
1982,Mar,6.814877139,,,,,,,,,,,,,
1982,Apr,6.880404804,,,,,,,,,,,,,
1982,May,6.945932468,,,,,,,,,,,,,
1982,Jun,7.011460133,,,,,,,,,,,,,
1982,Jul,7.142515463,,,,,,,,,,,,,
1982,Aug,7.142515463,,,,,,,,,,,,,
1982,Sep,7.142515463,,,,,,,,,,,,,
1982,Oct,7.142515463,,,,,,,,,,,,,
1982,Nov,7.208043128,,,,,,,,,,,,,
1982,Dec,7.142515463,,,,,,,,,,,,,
1983,Jan,7.208043128,,,,,,,,,,,,,
1983,Feb,7.273570792,,,,,,,,,,,,,
1983,Mar,7.273570792,,,,,,,,,,,,,
1983,Apr,7.339098457,,,,,,,,,,,,,
1983,May,7.339098457,,,,,,,,,,,,,
1983,Jun,7.470153787,,,,,,,,,,,,,
1983,Jul,7.666736781,,,,,,,,,,,,,
1983,Aug,7.732264446,,,,,,,,,,,,,
1983,Sep,7.797792111,,,,,,,,,,,,,
1983,Oct,7.863319776,,,,,,,,,,,,,
1983,Nov,8.387541094,,,,,,,,,,,,,
1983,Dec,9.108345407,,,,,,,,,,,,,
1984,Jan,9.632566725,,,,,,,,,,,,,
1984,Feb,9.960205049,,,,,,,,,,,,,
1984,Mar,10.09126038,,,,,,,,,,,,,
1984,Apr,10.28784337,,,,,,,,,,,,,
1984,May,10.4188987,,,,,,,,,,,,,
1984,Jun,11.13970302,,,,,,,,,,,,,
1984,Jul,12.12261799,,,,,,,,,,,,,
1984,Aug,12.38472865,,,,,,,,,,,,,
1984,Sep,12.71236697,,,,,,,,,,,,,
1984,Oct,12.8434223,,,,,,,,,,,,,
1984,Nov,13.36764362,,,,,,,,,,,,,
1984,Dec,13.56422661,,,,,,,,,,,,,
1985,Jan,13.89186494,,,,,,,,,,,,,
1985,Feb,13.89186494,,,,,,,,,,,,,
1985,Mar,14.02292027,,,,,,,,,,,,,
1985,Apr,13.9573926,,,,,,,,,,,,,
1985,May,13.9573926,,,,,,,,,,,,,
1985,Jun,14.08844793,,,,,,,,,,,,,
1985,Jul,14.28503093,,,,,,,,,,,,,
1985,Aug,14.28503093,,,,,,,,,,,,,
1985,Sep,14.28503093,,,,,,,,,,,,,
1985,Oct,14.28503093,,,,,,,,,,,,,
1985,Nov,14.35055859,,,,,,,,,,,,,
1985,Dec,14.41608626,,,,,,,,,,,,,
1986,Jan,14.41608626,,,,,,,,,,,,,
1986,Feb,14.54714158,,,,,,,,,,,,,
1986,Mar,14.61266925,,,,,,,,,,,,,
1986,Apr,14.35055859,,,,,,,,,,,,,
1986,May,14.28503093,,,,,,,,,,,,,
1986,Jun,14.1539756,,,,,,,,,,,,,
1986,Jul,14.1539756,,,,,,,,,,,,,
1986,Aug,14.1539756,,,,,,,,,,,,,
1986,Sep,14.1539756,,,,,,,,,,,,,
1986,Oct,14.21950326,,,,,,,,,,,,,
1986,Nov,14.28503093,,,,,,,,,,,,,
1986,Dec,14.28503093,,,,,,,,,,,,,
1987,Jan,14.41608626,,,,,,,,,,,,,
1987,Feb,14.48161392,,,,,,,,,,,,,
1987,Mar,14.54714158,,,,,,,,,,,,,
1987,Apr,14.48161392,,,,,,,,,,,,,
1987,May,14.61266925,,,,,,,,,,,,,
1987,Jun,14.80925224,,,,,,,,,,,,,
1987,Jul,15.00583524,,,,,,,,,,,,,
1987,Aug,15.0713629,,,,,,,,,,,,,
1987,Sep,15.20241823,,,,,,,,,,,,,
1987,Oct,15.20241823,,,,,,,,,,,,,
1987,Nov,15.33347356,,,,,,,,,,,,,
1987,Dec,15.46452889,,,,,,,,,,,,,
1988,Jan,16.3819162,,,,,,,,,,,,,
1988,Feb,16.51297153,,,,,,,,,,,,,
1988,Mar,16.64402686,,,,,,,,,,,,,
1988,Apr,16.70955452,,,,,,,,,,,,,
1988,May,16.77508219,,,,,,,,,,,,,
1988,Jun,16.90613752,,,,,,,,,,,,,
1988,Jul,17.03719285,,,,,,,,,,,,,
1988,Aug,17.10272051,,,,,,,,,,,,,
1988,Sep,17.16824818,,,,,,,,,,,,,
1988,Oct,17.23377584,,,,,,,,,,,,,
1988,Nov,17.36483117,,,,,,,,,,,,,
1988,Dec,17.56141417,,,,,,,,,,,,,
1989,Jan,17.88905249,,,,,,,,,,,,,
1989,Feb,17.95458015,,,,,,,,,,,,,
1989,Mar,18.02010782,,,,,,,,,,,,,
1989,Apr,18.15116315,,,,,,,,,,,,,
1989,May,18.34774614,,,,,,,,,,,,,
1989,Jun,18.6098568,,,,,,,,,,,,,
1989,Jul,18.8064398,,,,,,,,,,,,,
1989,Aug,19.13407812,,,,,,,,,,,,,
1989,Sep,19.26513345,,,,,,,,,,,,,
1989,Oct,19.46171644,,,,,,,,,,,,,
1989,Nov,19.59277177,,,,,,,,,,,,,
1989,Dec,19.98593776,,,,,,,,,,,,,
1990,Jan,20.31357609,,,,,,,,,,,,,
1990,Feb,20.44463142,,,,,,,,,,,,,
1990,Mar,20.51015908,,,,,,,,,,,,,
1990,Apr,20.70674208,,,,,,,,,,,,,
1990,May,20.83779741,,,,,,,,,,,,,
1990,Jun,21.0343804,,,,,,,,,,,,,
1990,Jul,21.36201872,,,,,,,,,,,,,
1990,Aug,21.36201872,,,,,,,,,,,,,
1990,Sep,21.62412938,,,,,,,,,,,,,
1990,Oct,22.01729537,,,,,,,,,,,,,
1990,Nov,22.41046136,,,,,,,,,,,,,
1990,Dec,23.32784867,,,,,,,,,,,,,
1991,Jan,24.11418065,,,,,,,,,,,,,
1991,Feb,24.5728743,,,,,,,,,,,,,
1991,Mar,24.83498496,,,,,,,,,,,,,
1991,Apr,24.96604029,,,,,,,,,,,,,
1991,May,25.16262328,,,,,,,,,,,,,
1991,Jun,25.35920628,,,,,,,,,,,,,
1991,Jul,25.62131694,,,,,,,,,,,,,
1991,Aug,25.88342759,,,,,,,,,,,,,
1991,Sep,26.14553825,,,,,,,,,,,,,
1991,Oct,26.21106592,,,,,,,,,,,,,
1991,Nov,26.27659358,,,,,,,,,,,,,
1991,Dec,26.40764891,,,,,,,,,,,,,
1992,Jan,26.73528724,,,,,,,,,,,,,
1992,Feb,26.8008149,,,,,,,,,,,,,
1992,Mar,26.9973979,,,,,,,,,,,,,
1992,Apr,27.06292556,,,,,,,,,,,,,
1992,May,27.39056389,,,,,,,,,,,,,
1992,Jun,27.58714688,,,,,,,,,,,,,
1992,Jul,27.9147852,,,,,,,,,,,,,
1992,Aug,28.04584053,,,,,,,,,,,,,
1992,Sep,28.24242353,,,,,,,,,,,,,
1992,Oct,28.30795119,,,,,,,,,,,,,
1992,Nov,28.37347886,,,,,,,,,,,,,
1992,Dec,28.37347886,,,,,,,,,,,,,
1993,Jan,28.70111718,,,,,,,,,,,,,
1993,Feb,28.76664485,,,,,,,,,,,,,
1993,Mar,28.83217251,,,,,,,,,,,,,
1993,Apr,28.89770018,,,,,,,,,,,,,
1993,May,29.02875551,,,,,,,,,,,,,
1993,Jun,29.29086616,,,,,,,,,,,,,
1993,Jul,29.61850449,,,,,,,,,,,,,
1993,Aug,29.81508748,,,,,,,,,,,,,
1993,Sep,30.14272581,,,,,,,,,,,,,
1993,Oct,30.27378114,,,,,,,,,,,,,
1993,Nov,30.3393088,,,,,,,,,,,,,
1993,Dec,30.47036413,,,,,,,,,,,,,
1994,Jan,32.37066641,31.46028948,22.45404055,39.94193269,31.33651682,40.29329539,27.92765395,26.50142993,73.29376855,50.89576547,14.78533618,38.79539415,,41.33685136
1994,Feb,32.7638324,31.46028948,22.5367442,40.01079809,32.34273525,40.57755145,28.1290553,27.83603432,73.49159248,50.9771987,14.78533618,38.88396811,,41.51275286
1994,Mar,32.69830473,31.40245807,22.49539237,40.1485289,32.55835348,40.71967947,28.39759043,26.50142993,73.68941642,51.05863192,14.78533618,39.06111603,,41.60070361
1994,Apr,32.82936006,31.46028948,22.45404055,40.2173943,32.70209897,40.8618075,28.531858,26.59675882,73.78832839,51.05863192,14.78533618,39.14968999,,41.68865435
1994,May,32.96041539,31.63378372,22.61944785,40.2862597,32.91771721,40.93287151,28.73325935,26.59675882,73.78832839,51.14006515,14.78533618,39.23826395,,41.68865435
1994,Jun,33.09147072,31.80727797,22.74350332,40.4239905,33.0614627,41.21712756,28.73325935,26.59675882,73.88724036,51.54723127,15.90355488,39.32683791,,41.86455585
1994,Jul,33.35358138,32.03860363,22.78485514,40.5617213,33.42082642,41.35925559,28.9346607,26.59675882,73.68941642,51.71009772,15.96567814,39.41541187,,41.9525066
1994,Aug,33.55016438,32.38559211,22.82620697,40.69945211,33.56457191,41.50138362,29.00179449,26.59675882,73.98615232,51.79153094,16.0278014,39.85828167,,42.21635884
1994,Sep,33.68121971,32.44342353,22.86755879,40.69945211,33.56457191,41.57244763,29.13606205,26.40610105,74.18397626,51.79153094,16.08992466,40.12400354,,42.30430959
1994,Oct,33.68121971,32.44342353,22.86755879,40.83718291,33.56457191,41.64351164,29.27032962,26.40610105,74.48071217,51.87296417,16.21417119,40.12400354,,42.30430959
1994,Nov,33.68121971,32.50125494,22.86755879,40.90604831,33.56457191,41.64351164,29.3374634,26.40610105,74.57962413,51.95439739,16.21417119,40.12400354,,42.39226033
1994,Dec,33.74674737,32.50125494,22.90891062,41.04377911,33.63644466,41.78563967,29.40459719,26.50142993,74.77744807,51.95439739,16.21417119,40.38972542,,42.56816183
1995,Jan,34.33649635,33.25306333,23.19837338,42.35222174,33.99580838,42.63840783,30.07593502,26.6920877,76.5578635,52.44299674,16.46266423,41.36403897,,43.18381706
1995,Feb,34.59860701,33.31089474,23.23972521,42.42108714,34.57079034,42.78053585,30.14306881,26.88274547,76.75568744,52.60586319,16.46266423,41.54118689,,43.44766931
1995,Mar,34.66413468,33.19523192,23.36378068,42.48995254,35.00202681,42.92266388,30.21020259,26.88274547,76.85459941,52.68729642,16.46266423,41.62976085,,43.53562005
1995,Apr,34.79519001,33.36872616,23.48783615,42.62768334,35.21764505,43.0647919,30.41160394,26.88274547,76.95351137,52.76872964,16.46266423,41.71833481,,43.6235708
1995,May,34.991773,33.65788323,23.69459528,42.76541414,35.64888152,43.13585592,30.54587151,26.88274547,76.95351137,52.85016287,16.46266423,41.89548273,,43.71152155
1995,Jun,35.25388366,33.9470403,23.86000257,42.90314495,35.72075426,43.27798394,30.68013907,26.88274547,77.15133531,53.50162866,18.32636207,41.89548273,,43.88742304
1995,Jul,35.45046666,34.17836596,23.94270622,43.17860655,35.9363725,43.34904796,30.94867421,26.97807436,77.25024728,53.82736156,18.51273185,41.89548273,,43.97537379
1995,Aug,35.84363264,34.93017435,23.9013544,43.24747195,36.00824524,43.42011197,31.01580799,26.97807436,77.34915925,53.90879479,18.51273185,41.98405669,,44.06332454
1995,Sep,36.36785396,35.97113981,24.06676169,43.31633735,36.15199073,43.49117598,31.08294178,26.97807436,77.44807122,53.90879479,18.51273185,42.16120461,,44.15127529
1995,Oct,36.43338163,35.97113981,24.10811352,43.45406815,36.29573622,43.56223999,31.15007556,26.97807436,77.44807122,53.99022801,18.69910164,42.33835252,,44.41512753
1995,Nov,36.49890929,36.02897123,24.10811352,43.45406815,36.36760897,43.70436802,31.15007556,26.97807436,77.64589515,46.17263844,18.7612249,42.33835252,,44.41512753
1995,Dec,36.49890929,36.14463405,24.14946534,43.52293356,36.43948171,43.70436802,31.15007556,27.07340324,77.74480712,46.25407166,18.69910164,42.42692648,,44.59102902
1996,Jan,37.61287959,37.64825083,24.81109453,44.90024158,37.08633642,44.55713618,31.88854718,27.16873213,77.84371909,46.49837134,18.63697837,43.84410983,,45.38258575
1996,Feb,37.80946259,37.82174507,24.97650183,44.96910698,37.44570014,44.91245624,32.02281474,27.55004766,77.84371909,46.66123779,18.63697837,44.10983171,,45.55848725
1996,Mar,37.94051792,37.82174507,25.05920547,45.10683778,37.87693661,45.12564828,32.29134988,27.74070543,78.04154303,46.57980456,18.63697837,44.37555359,,45.64643799
1996,Apr,38.07157325,37.87957649,25.1005573,45.17570318,38.16442759,45.19671229,32.42561745,27.74070543,78.140455,46.74267101,18.63697837,44.46412755,,45.73438874
1996,May,38.20262858,37.99523932,25.18326095,45.24456859,38.38004583,45.26777631,32.49275123,27.74070543,78.23936696,46.82410423,18.63697837,44.46412755,,45.91029024
1996,Jun,38.39921157,38.11090215,25.2659646,45.45116479,38.52379132,45.40990433,32.76128636,27.74070543,78.140455,47.39413681,21.18403209,44.81842338,,45.99824099
1996,Jul,38.5302669,38.16873356,25.34866824,45.52003019,38.66753681,45.40990433,32.96268771,27.74070543,77.94263106,47.63843648,21.37040187,44.81842338,,46.08619173
1996,Aug,38.79237756,38.57355346,25.39002007,45.65776099,38.88315504,45.62309637,33.0298215,27.74070543,78.23936696,47.71986971,21.55677165,45.08414526,,46.70184697
1996,Sep,38.79237756,38.45789063,25.43137189,45.7954918,38.95502779,45.69416039,33.16408907,27.9313632,78.4371909,47.88273616,21.55677165,45.34986714,,46.43799472
1996,Oct,38.85790522,38.45789063,25.51407554,45.9332226,39.24251877,45.83628841,33.29835663,27.9313632,78.33827893,47.88273616,21.55677165,45.61558902,,46.43799472
1996,Nov,38.92343289,38.22656498,25.55542736,46.0709534,39.458137,46.12054446,33.4326242,28.40800763,78.33827893,48.77850163,21.61889491,45.79273694,,46.61389622
1996,Dec,39.18554355,38.40005922,25.67948284,46.2775496,39.74562798,46.19160848,33.56689177,29.74261201,78.33827893,48.04560261,21.61889491,45.96988485,,46.78979771
1997,Jan,39.6442372,38.63138488,26.21705655,47.44826142,40.46435543,46.83118459,34.10396203,30.21925643,79.42631058,48.61563518,21.68101818,46.58990257,,47.58135444
1997,Feb,39.77529253,38.57355346,26.50651932,47.51712683,40.8955919,47.11544065,34.17109582,30.4099142,79.42631058,48.6970684,21.68101818,46.67847653,,47.93315743
1997,Mar,40.03740319,38.80487912,26.83733392,47.65485763,41.32682837,47.04437663,34.2382296,30.4099142,79.42631058,48.6970684,21.68101818,46.76705049,,47.75725594
1997,Apr,40.03740319,38.74704771,26.79598209,47.65485763,41.47057386,47.18650466,34.30536339,30.4099142,79.32739862,48.6970684,21.74314144,47.12134632,,47.75725594
1997,May,40.10293086,38.80487912,26.87868574,47.79258843,41.39870112,47.32863269,34.37249717,30.69590086,79.52522255,48.77850163,21.74314144,47.29849424,,47.84520668
1997,Jun,40.56162451,39.20969902,27.04409304,48.13691544,41.90181033,47.68395275,35.043835,30.69590086,79.82195846,49.26710098,25.28416733,47.65279008,,48.02110818
1997,Jul,40.69267984,39.15186761,26.92003756,48.27464624,42.18930131,47.82608078,35.17810257,30.69590086,79.92087043,49.26710098,25.59478363,47.65279008,,48.10905893
1997,Aug,40.88926283,39.44102468,26.87868574,48.48124244,42.40491955,47.9682088,35.24523635,30.88655863,79.92087043,49.3485342,25.59478363,47.65279008,,48.37291117
1997,Sep,41.02031816,39.67235034,26.92003756,48.75670405,42.18930131,48.39459288,35.71517284,30.98188751,79.42631058,49.42996743,25.59478363,48.00708592,,48.63676341
1997,Oct,41.15137349,39.78801317,27.00274121,49.30762726,42.54866504,48.82097696,35.98370797,31.36320305,79.22848665,49.51140065,24.53868819,48.18423384,,48.90061566
1997,Nov,41.54453948,39.96150741,27.04409304,49.58308886,42.90802876,49.24736104,36.25224311,32.12583413,79.32739862,49.59283388,25.78115342,48.44995571,,49.25241865
1997,Dec,41.74112248,40.01933883,27.25085216,49.72081966,43.123647,49.38948906,36.52077824,32.79313632,79.52522255,49.6742671,25.84327668,48.71567759,,49.51627089
1998,Jan,42.26534379,40.25066448,27.58166675,50.20287747,44.05799268,49.95800117,37.05784851,32.98379409,79.62413452,50.08143322,25.84327668,49.42426926,,50.21987687
1998,Feb,42.85509278,40.7133158,28.45005506,50.89153148,44.63297464,51.02396136,37.66205256,33.46043851,80.81107814,50.24429967,25.84327668,49.68999114,,51.18733509
1998,Mar,43.31378643,40.94464146,28.73951783,51.37358929,44.99233837,51.80566551,38.13198905,33.65109628,81.60237389,50.6514658,25.84327668,50.2214349,,51.89094107
1998,Apr,43.51036943,41.29162994,28.94627695,51.51132009,45.06421111,52.16098557,38.53479175,33.46043851,81.99802176,50.6514658,25.84327668,50.39858282,,52.24274406
1998,May,44.03459074,42.10126975,29.15303607,51.8556471,45.35170209,52.65843366,38.60192553,33.46043851,82.1958457,50.9771987,25.90539994,50.66430469,,52.59454705
1998,Jun,44.68986739,42.91090955,29.31844337,52.26883951,45.71106582,53.01375373,39.07186202,33.65109628,82.69040554,52.19869707,29.26005605,50.93002657,,53.47405453
1998,Jul,44.82092272,42.96874096,29.40114702,52.47543571,45.9985568,53.08481774,39.40753093,33.74642517,82.78931751,52.28013029,29.50854909,51.10717449,,53.73790677
1998,Aug,45.01750572,43.02657238,29.56655431,52.75089732,46.28604778,53.22694577,39.74319985,33.84175405,83.48170129,52.60586319,29.38430257,51.37289637,,54.26561126
1998,Sep,45.21408871,43.25789804,29.73196161,53.09522432,46.50166601,53.44013781,40.07886877,33.93708294,84.371909,52.76872964,29.44642583,51.55004429,,54.5294635
1998,Oct,45.27961637,43.31572945,29.85601708,53.23295512,46.71728425,53.65332985,40.41453769,33.93708294,84.17408506,53.17589577,29.57067235,51.55004429,,54.96921724
1998,Nov,45.93489302,44.41452633,30.02142438,53.30182053,46.86102974,53.9375859,40.68307282,34.03241182,84.17408506,53.25732899,29.63279562,51.55004429,,55.40897098
1998,Dec,45.93489302,44.18320067,30.0627762,53.37068593,47.00477523,54.00864991,40.95160795,33.93708294,84.27299703,53.01302932,29.63279562,51.72719221,,55.49692172
1999,Jan,46.78675267,45.28199754,30.3935908,54.54139775,47.79537542,55.07461011,41.95861471,33.74642517,83.58061325,54.56026059,29.63279562,51.81576616,,56.46437995
1999,Feb,46.85228033,44.99284047,30.47629445,54.74799395,48.15473915,55.42993017,42.42855119,33.74642517,83.67952522,54.72312704,29.63279562,51.90434012,,56.72823219
1999,Mar,46.721225,44.53018915,30.51764627,54.81685935,48.44223013,55.64312221,42.36141741,33.93708294,83.67952522,54.72312704,29.63279562,52.25863596,,57.34388742
1999,Apr,46.721225,44.24103208,30.60034992,54.88572475,48.65784836,55.78525024,42.62995254,34.03241182,83.77843719,54.72312704,29.63279562,52.25863596,,57.34388742
1999,May,46.721225,44.12536925,30.64170174,54.88572475,48.80159385,55.85631425,42.76422011,34.22306959,83.77843719,54.88599349,29.63279562,52.34720992,,57.34388742
1999,Jun,47.04886332,44.00970642,30.76575722,55.09232096,49.16095757,55.99844228,43.77122686,34.50905624,84.17408506,55.13029316,34.60265651,52.43578388,,57.87159191
1999,Jul,47.11439099,43.95187501,30.76575722,55.16118636,49.30470306,56.1405703,43.90549443,34.60438513,84.27299703,54.96742671,35.03751934,52.52435784,,57.95954266
1999,Aug,47.17991865,44.06753784,30.84846086,55.29891716,49.5203213,56.21163432,44.039762,34.7950429,84.371909,55.04885993,35.03751934,52.6129318,,58.0474934
1999,Sep,47.44202931,44.35669491,30.93116451,55.43664796,49.87968502,56.42482636,44.37543091,34.98570067,84.56973294,55.13029316,35.03751934,52.6129318,,58.2233949
1999,Oct,47.57308464,44.24103208,31.01386816,55.50551336,50.167176,56.49589037,44.57683227,36.60629171,84.56973294,55.21172638,35.03751934,52.79007972,,58.39929639
1999,Nov,47.70413997,44.06753784,31.13792363,55.64324417,50.31092149,56.63801839,44.77823362,37.84556721,84.66864491,55.29315961,35.0996426,52.87865368,,58.57519789
1999,Dec,47.70413997,44.06753784,31.26197911,55.78097497,50.38279424,56.78014642,44.97963497,38.03622498,84.66864491,55.29315961,35.0996426,52.87865368,,58.66314864
2000,Jan,49.34233159,45.16633471,31.758201,57.3648792,51.38901267,57.84610662,47.39645117,42.32602479,94.46092977,54.15309446,36.46635435,55.09300266,,61.7414248
2000,Feb,49.47338692,45.28199754,31.92360829,57.4337446,51.53275816,58.13036267,47.66498631,42.42135367,94.55984174,54.23452769,36.40423109,55.18157662,,61.82937555
2000,Mar,49.47338692,45.22416613,32.00631194,57.5714754,51.74837639,58.20142668,47.79925388,42.04003813,94.0652819,54.23452769,36.40423109,55.35872453,,61.82937555
2000,Apr,49.60444225,45.22416613,32.13036742,57.7092062,52.03586737,58.20142668,47.86638766,42.32602479,94.65875371,54.39739414,36.40423109,55.18157662,,62.00527704
2000,May,49.73549758,45.39766037,32.21307106,57.7780716,52.17961286,58.34355471,48.06778901,42.32602479,94.75766568,54.47882736,36.46635435,55.44729849,,62.09322779
2000,Jun,49.93208058,45.33982896,32.25442289,57.846937,52.32335835,58.34355471,48.13492279,42.42135367,94.75766568,59.2019544,40.8771059,55.53587245,,62.18117854
2000,Jul,50.19419123,45.5133232,32.37847836,57.91580241,52.53897659,58.48568273,48.80626063,42.89799809,94.3620178,59.28338762,41.12559895,55.62444641,,62.35708004
2000,Aug,50.39077423,45.86031169,32.46118201,58.05353321,52.75459482,58.62781076,49.00766198,43.27931363,94.3620178,59.36482085,41.12559895,55.62444641,,62.44503078
2000,Sep,50.52182956,45.80248027,32.58523748,58.12239861,53.0420858,58.69887477,49.20906333,43.4699714,94.46092977,59.5276873,41.12559895,55.71302037,,62.62093228
2000,Oct,50.84946788,46.03380593,32.7919966,58.53559102,53.47332227,58.98313082,49.54473225,45.56720686,94.55984174,59.60912052,41.18772221,55.97874225,,62.97273527
2000,Nov,51.43921687,46.61212008,32.99875572,58.87991802,53.832686,59.26738688,49.81326738,47.37845567,94.65875371,59.77198697,41.24984547,56.15589017,,63.32453826
2000,Dec,51.83238285,46.95910856,33.24686667,59.08651423,54.26392247,59.55164293,50.08180252,48.23641563,94.75766568,60.01628664,41.24984547,56.33303809,,63.50043975
2001,Jan,52.22554884,47.36392846,33.32957032,59.22424503,54.91077717,60.26228306,50.28320387,48.4270734,94.85657765,60.42345277,41.18772221,57.04162976,,64.29199648
2001,Feb,52.35660417,47.01693998,33.49497761,59.43084123,55.41388639,60.54653911,51.42447819,48.52240229,95.05440158,60.58631922,41.24984547,57.48449956,,64.73175022
2001,Mar,52.35660417,46.84344573,33.57768126,59.43084123,55.84512286,60.83079516,51.7601471,48.61773117,94.95548961,60.66775244,41.24984547,57.92736935,,64.90765172
2001,Apr,52.35660417,46.72778291,33.74308856,59.56857203,56.06074109,61.11505122,51.96154845,48.90371783,94.95548961,60.74918567,41.18772221,57.57307352,,65.08355321
2001,May,52.4876595,46.95910856,33.86714403,59.70630284,55.9169956,61.25717924,52.02868224,49.0943756,94.95548961,60.99348534,41.37409199,57.66164748,,65.17150396
2001,Jun,52.88082549,47.24826564,34.03255133,59.84403364,56.34823207,61.54143529,52.43148494,49.47569113,95.05440158,61.48208469,44.35600853,57.83879539,,65.34740545
2001,Jul,53.20846382,47.53742271,34.19795863,59.91289904,56.63572305,61.68356332,52.63288629,49.6663489,94.95548961,61.64495114,44.79087136,58.37023915,,65.52330695
2001,Aug,53.27399148,47.53742271,34.44606957,60.05062984,56.63572305,61.96781937,52.83428764,49.76167779,95.15331355,61.80781759,44.79087136,58.45881311,,65.69920844
2001,Sep,53.40504681,47.65308554,34.61147687,60.18836065,56.92321403,62.03888339,53.16995656,49.85700667,95.15331355,61.88925081,44.79087136,58.45881311,,65.78715919
2001,Oct,53.47057447,47.65308554,34.69418052,60.25722605,57.21070501,62.18101141,53.50562548,49.85700667,95.25222552,61.97068404,44.79087136,58.45881311,,65.87510994
2001,Nov,53.6016298,47.76874837,34.81823599,60.46382225,57.64194148,62.32313944,53.57275926,49.6663489,95.35113749,62.13355049,44.91511788,58.63596103,,65.96306069
2001,Dec,53.73268513,47.8844112,34.85958781,60.53268765,57.78568697,62.25207542,53.63989304,49.47569113,95.35113749,62.21498371,44.91511788,58.63596103,,65.96306069
2002,Jan,53.92926813,48.17356827,34.90093964,61.15247626,58.07317795,62.53633148,53.97556196,49.28503337,93.57072206,62.54071661,44.97724114,58.99025686,,66.05101143
2002,Feb,53.86374046,47.8844112,34.94229146,61.22134166,58.28879619,62.74952352,54.31123088,49.18970448,93.57072206,62.62214984,44.97724114,58.99025686,,66.22691293
2002,Mar,54.06032346,47.94224261,35.06634693,61.35907247,58.72003266,62.82058753,54.57976601,49.28503337,93.86745796,62.78501629,44.97724114,59.43312666,,66.31486368
2002,Apr,54.12585112,47.94224261,35.14905058,61.42793787,58.86377815,62.89165154,54.6468998,49.57102002,93.96636993,62.78501629,44.97724114,59.52170062,,66.49076517
2002,May,54.19137879,48.00007402,35.19040241,61.49680327,58.93565089,63.03377957,54.84830115,49.85700667,94.0652819,62.86644951,44.97724114,59.52170062,,66.57871592
2002,Jun,54.25690645,48.05790544,35.27310606,61.70339947,58.43254168,62.96271555,55.11683628,49.95233556,94.3620178,63.02931596,48.64251356,59.69884854,,66.57871592
2002,Jul,54.51901711,48.46272534,35.31445788,61.97886108,58.28879619,63.10484358,55.51963898,50.14299333,94.65875371,63.27361564,49.01525312,60.05314438,,66.40281442
2002,Aug,54.71560011,48.80971383,35.47986518,62.11659188,58.36066893,63.31803562,55.78817412,50.14299333,94.75766568,63.35504886,49.01525312,60.05314438,,66.57871592
2002,Sep,54.71560011,48.75188241,35.56256882,62.25432268,58.28879619,63.46016365,55.78817412,50.3336511,94.75766568,63.43648208,49.01525312,60.05314438,,66.57871592
2002,Oct,54.71560011,48.57838817,35.56256882,62.39205348,58.50441442,63.60229167,55.98957547,50.61963775,94.75766568,63.43648208,49.01525312,60.14171833,,66.66666667
2002,Nov,54.71560011,48.46272534,35.60392065,62.46091888,58.7919054,63.60229167,56.05670925,50.9056244,94.75766568,63.43648208,49.13949965,60.23029229,,66.75461741
2002,Dec,54.84665544,48.46272534,35.64527247,62.52978429,59.00752364,63.67335569,56.32524438,51.00095329,94.75766568,63.43648208,49.13949965,61.11603189,,66.84256816
2003,Jan,54.84665544,48.40489393,35.56256882,62.73638049,59.5825056,63.7444197,57.66792005,51.00095329,94.3620178,63.35504886,48.8910066,61.47032772,,67.19437115
2003,Feb,55.10876609,48.34706251,35.64527247,62.73638049,59.86999658,63.81548371,57.73505384,51.47759771,94.65875371,63.27361564,48.8910066,61.47032772,,67.2823219
2003,Mar,55.17429376,48.2892311,35.81067977,62.94297669,60.08561481,64.17080378,57.93645519,51.85891325,94.55984174,63.43648208,48.8910066,61.47032772,,67.37027265
2003,Apr,55.30534909,48.2892311,35.76932795,62.94297669,60.73246952,64.3129318,58.20499032,52.24022879,95.45004946,63.68078176,48.64251356,62.00177148,,67.37027265
2003,May,55.37087675,48.46272534,35.76932795,63.4250345,60.73246952,64.38399582,58.33925789,52.1448999,94.55984174,63.84364821,48.64251356,62.00177148,,67.37027265
2003,Jun,55.76404274,48.98320807,35.81067977,63.5627653,60.87621501,64.45505983,58.54065924,51.95424214,96.63699308,64.82084691,52.30778597,62.00177148,,67.54617414
2003,Jul,55.76404274,48.98320807,35.93473524,63.70049611,60.94808775,64.52612384,58.87632816,51.95424214,96.43916914,64.33224756,52.43203249,62.1789194,,67.72207564
2003,Aug,55.89509807,49.0988709,35.93473524,63.83822691,61.16370599,64.73931588,59.01059573,52.04957102,96.43916914,64.33224756,52.43203249,62.26749336,,67.72207564
2003,Sep,55.89509807,49.04103948,35.97608707,63.90709231,61.16370599,64.88144391,58.87632816,52.33555767,95.64787339,64.41368078,52.43203249,62.44464128,,67.81002639
2003,Oct,55.96062574,48.98320807,36.01743889,63.90709231,61.23557873,64.95250792,59.21199708,52.33555767,95.74678536,64.49511401,52.43203249,62.44464128,,67.81002639
2003,Nov,56.0261534,49.0988709,36.05879072,63.97595771,61.37932422,65.09463595,59.01059573,52.43088656,95.74678536,64.49511401,52.55627902,62.53321523,,67.89797713
2003,Dec,56.2227364,49.33019656,36.05879072,64.04482311,61.52306971,65.23676397,59.14486329,52.62154433,95.74678536,64.57654723,52.55627902,62.53321523,,68.07387863
2004,Jan,56.55037472,50.02417353,36.14149436,64.11368851,61.6668152,65.30782799,59.48053221,52.8122021,95.74678536,64.73941368,52.55627902,62.79893711,,68.07387863
2004,Feb,56.68143005,49.96634212,36.18284619,64.18255391,62.02617893,65.44995601,59.54766599,53.28884652,98.71414441,64.82084691,52.55627902,62.88751107,,68.16182938
2004,Mar,56.87801304,50.3133306,36.34825349,64.18255391,62.09805167,65.59208404,59.74906734,53.38417541,98.71414441,64.90228013,52.55627902,63.06465899,,68.24978012
2004,Apr,57.07459604,50.66031909,36.43095713,64.32028472,62.16992442,65.73421206,59.81620113,53.76549094,96.43916914,64.90228013,52.55627902,63.15323295,,68.42568162
2004,May,57.3367067,51.00730758,36.59636443,64.45801552,62.31366991,65.87634009,59.95046869,54.14680648,95.84569733,64.90228013,52.55627902,63.33038087,,68.51363237
2004,Jun,58.05751101,51.58562172,36.67906808,64.66461172,62.81677912,66.01846812,60.48753896,56.72068637,95.84569733,65.30944625,56.71853752,63.50752879,,68.68953386
2004,Jul,58.84384299,52.2795987,36.76177173,64.87120793,63.03239736,66.23166015,60.89034166,60.62917064,95.84569733,65.4723127,57.52613992,63.59610275,,68.86543536
2004,Aug,59.10595365,52.74225001,36.92717902,64.94007333,63.24801559,66.37378818,61.22601058,61.20114395,95.84569733,65.71661238,57.52613992,63.95039858,,69.1292876
2004,Sep,59.36806431,52.85791284,37.00988267,65.14666953,63.46363383,66.65804423,61.49454572,61.96377502,95.84569733,65.87947883,57.52613992,64.30469442,,69.39313984
2004,Oct,59.49911964,52.85791284,37.13393815,65.49099654,63.82299755,66.80017226,61.69594707,62.53574833,95.84569733,65.87947883,57.52613992,64.39326838,,69.48109059
2004,Nov,59.82675796,52.91574426,37.17528997,65.62872734,65.04483422,67.22655634,61.83021463,63.39370829,95.9446093,65.96091205,57.58826318,64.48184234,,69.83289358
2004,Dec,60.21992395,53.4940584,37.34069727,65.76645814,65.40419794,67.36868436,62.03161598,63.77502383,96.14243323,66.04234528,57.58826318,64.74756422,,70.00879507
2005,Jan,60.6786176,53.84104689,37.54745639,65.97305435,66.33854363,67.72400443,62.16588355,63.67969495,96.14243323,66.20521173,57.58826318,65.36758193,,70.18469657
2005,Feb,60.80967293,53.8988783,38.37449287,66.17965055,66.55416186,67.93719647,62.43441869,63.87035272,96.2413452,66.36807818,57.58826318,65.45615589,,70.44854881
2005,Mar,60.94072826,53.95670972,38.74665929,66.31738135,66.62603461,68.15038851,62.70295382,64.63298379,96.2413452,66.4495114,57.58826318,65.72187777,,70.62445031
2005,Apr,61.20283892,54.24586679,38.99477023,66.45511215,66.98539833,68.22145252,62.90435517,65.30028599,96.14243323,66.53094463,57.58826318,65.89902569,,70.8003518
2005,May,61.53047724,54.53502386,39.20152936,66.59284296,67.34476206,68.50570857,63.1728903,65.87225929,96.14243323,66.69381107,57.58826318,66.0761736,,71.06420405
2005,Jun,61.92364323,54.88201235,39.36693665,66.73057376,67.70412578,68.6478366,63.44142544,66.63489037,97.32937685,67.4267101,59.76257732,66.16474756,,71.15215479
2005,Jul,62.38233689,55.17116942,39.65639942,67.00603536,68.13536225,68.78996462,63.84422814,68.73212583,97.52720079,67.67100977,60.25956341,67.13906112,,71.32805629
2005,Aug,62.70997521,55.51815791,39.73910307,67.07490076,68.35098049,68.93209265,64.04562949,69.5900858,97.52720079,67.752443,60.25956341,67.31620903,,71.50395778
2005,Sep,62.90655821,55.69165215,39.90451037,67.35036237,68.42285323,69.00315666,64.24703084,70.44804576,97.52720079,67.83387622,60.25956341,67.49335695,,71.67985928
2005,Oct,63.16866886,55.92297781,39.98721402,67.41922777,68.63847147,69.2163487,64.38129841,71.30600572,97.62611276,67.91530945,60.25956341,67.84765279,,71.85576077
2005,Nov,63.56183485,56.09647205,40.15262131,67.69468938,69.28532617,69.50060475,64.64983354,73.02192564,97.62611276,68.0781759,60.32168667,68.55624446,,72.03166227
2005,Dec,63.75841785,56.2699663,40.27667679,67.76355478,69.71656264,69.64273278,65.18690381,72.73593899,97.62611276,68.15960912,60.32168667,68.82196634,,72.20756376
2006,Jan,64.28263917,56.84828044,40.69019503,68.03901638,70.36341735,69.92698883,65.58970651,73.68922784,97.32937685,68.72964169,60.44593319,69.17626218,,72.55936675
2006,Feb,64.74133282,57.19526893,40.73154685,68.24561259,71.15401754,70.21124489,65.99250921,74.64251668,97.42828882,68.97394137,60.44593319,69.79627989,,72.99912049
2006,Mar,64.93791581,57.25310034,40.93830597,68.38334339,71.58525401,70.70869298,66.19391056,74.73784557,97.72502473,69.05537459,60.44593319,70.06200177,,73.17502199
2006,Apr,65.06897114,57.36876317,41.14506509,68.52107419,71.7289995,70.77975699,66.39531191,74.83317445,97.8239367,69.13680782,60.44593319,70.23914969,,73.35092348
2006,May,65.20002647,57.54225741,41.26912057,68.65880499,71.58525401,70.92188502,66.59671326,75.69113441,97.8239367,69.21824104,60.44593319,70.50487157,,73.43887423
2006,Jun,65.59319246,57.71575166,41.39317604,68.79653579,71.94461774,71.06401304,66.93238218,76.35843661,97.72502473,69.70684039,63.24147995,71.21346324,,73.70272647
2006,Jul,65.78977546,57.8892459,41.47587969,68.9342666,72.37585421,71.20614107,67.53658623,76.73975214,97.72502473,69.78827362,63.30360321,71.21346324,,73.79067722
2006,Aug,65.98635845,58.23623439,41.51723151,69.0719974,72.30398146,71.27720508,67.6708538,77.31172545,97.8239367,69.86970684,63.36572647,71.3020372,,73.96657872
2006,Sep,65.98635845,58.12057156,41.64128698,69.2785936,72.23210872,71.41933311,67.93938893,76.83508103,97.8239367,69.95114007,63.36572647,71.65633304,,74.05452946
2006,Oct,66.11741378,58.46756005,41.72399063,69.347459,72.30398146,71.56146113,68.0736565,76.07244995,98.02176063,69.95114007,63.36572647,71.65633304,,74.23043096
2006,Nov,66.24846911,58.6988857,41.80669428,69.48518981,72.5195997,71.70358916,68.27505785,75.59580553,98.1206726,70.03257329,63.36572647,71.744907,,74.31838171
2006,Dec,66.37952444,58.75671712,41.93074975,69.69178601,72.59147244,71.84571719,68.40932542,75.59580553,98.1206726,70.19543974,63.36572647,71.92205492,,74.4942832
2007,Jan,66.70716276,59.21936843,42.13750888,70.03611302,72.87896342,72.12997324,68.8792619,75.69113441,97.92284866,70.43973941,63.36572647,72.63064659,,74.84608619
2007,Feb,66.6416351,59.16153702,42.26156435,70.10497842,72.80709068,72.27210126,69.01352947,75.21448999,97.92284866,70.52117264,63.36572647,72.63064659,,75.02198769
2007,Mar,66.6416351,58.98804278,42.344268,70.24270922,72.95083617,72.34316528,69.08066325,75.30981888,98.02176063,70.60260586,63.36572647,72.89636847,,75.10993843
2007,Apr,66.77269043,59.10370561,42.42697164,70.31157462,73.02270891,72.41422929,69.21493082,75.69113441,98.02176063,70.68403909,63.42784973,72.98494243,,75.19788918
2007,May,66.96927342,59.27719985,42.46832347,70.31157462,73.31019989,72.4852933,69.34919839,76.07244995,98.21958457,70.76547231,63.42784973,72.98494243,,75.37379068
2007,Jun,67.29691175,59.50852551,42.55102712,70.44930542,73.59769087,72.62742133,69.55059974,76.73975214,98.21958457,71.00977199,67.15524541,73.07351639,,75.37379068
2007,Jul,67.69007774,59.85551399,42.63373077,70.58703623,74.53203656,72.69848534,69.88626866,77.0257388,98.31849654,71.09120521,68.02497107,73.16209035,,75.72559367
2007,Aug,67.7556054,60.02900824,42.75778624,70.65590163,74.24454558,72.69848534,70.02053622,77.21639657,98.31849654,71.17263844,68.02497107,73.16209035,,75.63764292
2007,Sep,67.88666073,60.49165955,42.79913806,70.72476703,73.74143636,72.76954935,69.95340244,77.21639657,98.31849654,71.25407166,68.02497107,73.16209035,,75.72559367
2007,Oct,68.01771606,60.95431087,42.88184171,70.79363243,73.31019989,72.91167738,70.28907136,77.78836988,98.31849654,71.33550489,68.02497107,73.33923826,,75.81354442
2007,Nov,68.27982672,61.30129936,42.92319354,70.79363243,73.59769087,72.98274139,70.55760649,78.2650143,98.31849654,71.33550489,68.02497107,73.42781222,,75.90149516
2007,Dec,68.80404804,61.93744492,43.08860083,70.93136323,74.17267283,73.12486942,70.62474028,78.83698761,98.41740851,71.41693811,68.02497107,73.60496014,,75.90149516
2008,Jan,69.78696301,63.26756745,43.75023002,72.03320965,75.17889126,73.90657356,71.83314838,79.59961868,98.41740851,71.98697068,68.08709433,74.93356953,,76.69305189
2008,Feb,70.04907367,63.55672452,43.95698914,72.79072906,75.25076401,74.61721369,72.30308486,79.5042898,98.61523244,72.23127036,68.08709433,75.11071745,,77.22075638
2008,Mar,70.57329499,64.19287008,44.16374826,73.06619067,75.82574597,75.11466179,72.63875378,79.79027645,98.71414441,72.47557003,68.08709433,75.81930912,,77.48460862
2008,Apr,71.62173762,65.98564393,44.45321103,73.27278687,76.68821891,75.46998185,73.04155648,80.64823642,98.71414441,72.71986971,68.08709433,76.085031,,77.74846086
2008,May,72.47359727,67.43142929,44.65997015,73.47938308,76.97570989,75.82530192,73.44435918,82.17349857,98.81305638,72.88273616,68.02497107,76.26217892,,78.0123131
2008,Jun,73.65309523,69.10854031,44.86672927,73.68597928,77.11945538,76.25168599,73.91429567,84.93803622,98.91196835,73.3713355,72.06298305,76.70504872,,78.1882146
2008,Jul,74.57048254,70.20733719,45.03213657,74.30576789,77.69443734,76.39381402,74.71990107,88.56053384,98.91196835,73.77850163,72.37359935,77.05934455,,78.45206684
2008,Aug,74.89812086,70.32300002,45.19754387,74.51236409,77.98192832,76.67807007,75.05556999,90.84842707,99.10979228,73.94136808,72.37359935,77.23649247,,78.71591909
2008,Sep,74.76706553,70.14950577,45.32159934,74.6500949,77.83818283,76.96232612,75.25697134,89.51382269,99.10979228,73.94136808,72.37359935,77.41364039,,78.89182058
2008,Oct,74.6360102,69.74468587,45.36295116,74.9255565,77.98192832,77.24658218,75.45837269,88.1792183,99.20870425,73.94136808,72.37359935,77.50221435,,79.06772208
2008,Nov,74.50495487,69.51336021,45.44565481,74.9944219,78.12567381,77.45977422,75.65977404,85.79599619,99.20870425,74.10423453,72.43572261,77.85651019,,79.24362357
2008,Dec,74.17731655,69.57119163,45.48700664,75.1321527,76.90383714,77.60190224,75.79404161,82.84080076,99.20870425,74.18566775,72.43572261,78.12223206,,79.41952507
2009,Jan,74.76706553,70.43866285,45.9418767,75.88967212,77.26320087,78.09935033,76.73391458,81.69685415,98.02176063,74.59283388,72.43572261,80.33658105,,79.94722955
2009,Feb,75.09470386,71.01697699,46.14863582,75.95853752,77.62256459,78.31254237,77.00244971,81.69685415,98.02176063,74.6742671,72.49784588,80.51372896,,80.0351803
2009,Mar,75.22575919,71.19047123,46.31404312,76.16513372,77.4788191,78.59679842,77.13671728,81.02955195,98.21958457,74.83713355,72.49784588,80.69087688,,80.29903254
2009,Apr,75.61892518,71.47962831,46.47945042,76.30286453,78.2694193,78.73892645,77.27098485,82.45948522,98.21958457,75,72.49784588,81.04517272,,80.38698329
2009,May,75.61892518,71.71095396,46.64485771,76.37172993,77.91005557,78.88105448,77.40525241,82.45948522,98.21958457,75.08143322,72.49784588,81.13374668,,80.56288478
2009,Jun,76.01209116,71.88444821,46.76891319,76.50946073,77.98192832,79.0231825,77.67378755,84.27073403,98.21958457,75.40716612,74.8585298,81.3108946,,80.56288478
2009,Jul,76.20867416,71.94227962,46.85161684,76.71605693,78.34129204,79.0231825,78.14372403,84.55672069,98.21958457,75.48859935,75.04489959,81.3108946,,80.82673703
2009,Aug,76.20867416,72.00011104,46.93432048,76.71605693,78.41316479,79.16531053,78.34512538,85.12869399,98.21958457,75.57003257,75.04489959,81.57661647,,80.82673703
2009,Sep,76.47078482,72.23143669,47.01702413,76.99151854,78.48503753,79.30743855,78.41225917,85.41468065,98.31849654,75.73289902,75.04489959,81.93091231,,80.91468777
2009,Oct,76.79842314,72.92541367,47.14107961,77.06038394,78.62878302,79.44956658,78.6807943,85.03336511,98.31849654,75.73289902,75.04489959,82.01948627,,81.09058927
2009,Nov,77.12606147,73.50372781,47.22378325,77.06038394,79.06001949,79.59169461,78.74792808,85.31935176,98.21958457,75.73289902,75.10702285,82.10806023,,81.26649077
2009,Dec,77.45369979,73.79288489,47.43054237,77.12924934,79.41938322,79.66275862,78.81506187,86.36796949,98.1206726,75.73289902,75.29339263,82.28520815,,81.26649077
2010,Jan,77.65028278,73.96637913,47.6373015,77.61130715,79.63500145,80.16020671,79.82206862,86.74928503,97.72502473,76.22149837,75.47976242,82.72807795,,81.79419525
2010,Feb,78.04344877,74.13987337,47.80270879,77.74903795,80.78496537,80.23127072,80.09060375,86.65395615,97.72502473,76.38436482,75.54188568,83.08237378,,81.882146
2010,Mar,78.1745041,73.96637913,47.92676427,77.88676875,81.64743831,80.37339875,80.02346997,87.22592946,97.8239367,76.46579805,75.54188568,82.99379982,,81.97009675
2010,Apr,78.63319776,74.08204196,47.92676427,78.16223036,83.2286387,80.72871882,80.15773754,87.51191611,97.92284866,76.71009772,75.54188568,83.34809566,,82.32189974
2010,May,78.56767009,74.13987337,48.00946791,78.23109576,82.36616576,80.94191085,80.2920051,87.79790276,97.92284866,76.6286645,75.60400894,83.43666962,,82.49780123
2010,Jun,78.76425309,74.42903044,48.09217156,78.36882656,82.43803851,81.08403888,80.62767402,87.41658723,97.92284866,76.87296417,78.21318591,83.43666962,,82.58575198
2010,Jul,79.02636375,74.71818752,48.13352339,78.64428817,82.65365674,81.15510289,81.16474429,87.51191611,97.92284866,76.95439739,78.39955569,83.7023915,,82.76165347
2010,Aug,79.35400207,75.18083883,48.17487521,79.05748057,83.08489321,81.22616691,81.23187807,87.51191611,97.92284866,77.11726384,78.46167896,83.7023915,,82.84960422
2010,Sep,79.35400207,75.35433308,48.29893068,79.26407678,82.581784,81.36829493,81.29901186,87.41658723,97.92284866,77.19869707,78.46167896,83.79096546,,83.02550572
2010,Oct,79.2884744,75.46999591,48.38163433,79.33294218,81.86305655,81.43935895,81.43327942,87.70257388,97.92284866,77.28013029,78.46167896,83.87953942,,83.11345646
2010,Nov,80.00927872,76.33746712,48.46433798,79.40180758,83.2286387,81.65255098,81.70181456,87.98856053,97.92284866,77.19869707,78.83441852,83.96811337,,83.20140721
2010,Dec,80.27138938,76.74228702,48.6710971,79.74613459,83.51612968,81.65255098,81.90321591,88.65586273,98.02176063,77.36156352,78.83441852,84.05668733,,83.37730871
2011,Jan,80.73008303,77.55192683,49.00191169,79.95273079,83.65987517,81.86574302,82.23888483,89.51382269,98.1206726,77.44299674,78.64804874,84.14526129,,83.90501319
2011,Feb,81.712998,78.53506087,49.70489271,80.22819239,84.80983909,82.22106309,82.44028618,91.13441373,97.92284866,77.52442997,78.83441852,84.85385297,,84.16886544
2011,Mar,81.97510866,78.53506087,50.11841095,80.5725194,85.38482105,82.36319112,82.57455374,92.27836034,98.1206726,77.68729642,78.83441852,85.29672276,,84.34476693
2011,Apr,82.30274699,78.76638653,50.32517007,80.847981,86.31916674,82.64744717,82.70882131,93.61296473,98.21958457,77.85016287,78.77229526,85.29672276,,84.52066843
2011,May,82.43380231,78.70855512,50.49057737,81.12344261,86.46291223,82.86063921,83.1787578,94.08960915,98.1206726,78.01302932,78.83441852,85.82816652,,84.78452067
2011,Jun,82.89249597,78.88204936,50.90409561,81.39890421,87.18163968,83.07383125,83.38015915,93.8036225,98.21958457,78.99022801,82.25119789,85.91674048,,84.96042216
2011,Jul,82.89249597,78.99771219,51.02815108,81.94982742,86.8941487,83.21595927,83.78296185,93.89895138,98.21958457,79.23452769,82.43756768,86.18246236,,85.13632366
2011,Aug,83.0235513,79.0555436,51.19355838,82.08755823,87.10976693,83.3580873,83.91722942,94.08960915,98.21958457,79.39739414,82.43756768,86.35961027,,85.31222515
2011,Sep,83.08907896,79.11337502,51.2349102,82.36301983,87.10976693,83.42915131,84.05149698,93.99428027,98.21958457,79.39739414,82.43756768,86.53675819,,85.48812665
2011,Oct,83.41671729,79.74952058,51.4003175,82.43188523,87.03789419,83.50021532,84.18576455,93.99428027,98.41740851,79.47882736,82.43756768,86.53675819,,85.83992964
2011,Nov,83.74435561,79.98084624,51.52437297,82.56961603,87.82849438,83.57127934,84.25289833,93.99428027,98.41740851,79.64169381,82.5618142,86.62533215,,85.92788039
2011,Dec,83.61330028,79.86518341,51.60707662,82.70734684,87.61287615,83.71340736,84.32003212,94.08960915,98.41740851,79.72312704,82.5618142,86.62533215,,86.10378188
2012,Jan,84.05797101,79.93527508,51.94252262,83.44709898,88.51717902,83.9070568,85.27131783,94.75691134,98.71414441,80.37459283,82.64182896,87.68821966,,86.36763412
2012,Feb,84.14322251,79.69255663,52.20862161,83.61774744,89.0596745,83.99311532,85.27131783,95.61487131,98.71414441,80.37459283,82.64182896,87.68821966,,86.54353562
2012,Mar,84.31372549,79.69255663,52.4215008,83.7883959,89.42133816,84.42340792,85.35745047,96.75881792,98.71414441,80.53745928,82.64182896,87.86536758,,86.80738786
2012,Apr,84.91048593,80.25889968,52.74081958,84.55631399,90.23508137,85.37005164,85.7881137,97.42612011,98.91196835,80.94462541,82.64182896,88.21966342,,87.33509235
2012,May,84.82523444,80.17799353,52.95369878,85.06825939,90.14466546,85.62822719,85.96037898,96.2821735,98.91196835,81.27035831,82.64182896,88.4853853,,87.77484609
2012,Jun,85.16624041,80.50161812,53.11335817,85.49488055,90.50632911,86.14457831,86.13264427,94.37559581,99.01088032,81.59609121,86.11346317,88.66253322,,87.95074758
2012,Jul,85.42199488,80.98705502,53.27301756,85.75085324,91.13924051,86.48881239,86.3910422,93.13632031,99.01088032,81.84039088,86.11346317,88.75110717,,88.30255057
2012,Aug,86.10400682,81.87702265,53.64555615,86.09215017,92.04339964,87.00516351,86.47717485,94.66158246,99.01088032,81.9218241,86.11346317,88.75110717,,88.39050132
2012,Sep,86.10400682,82.03883495,53.80521554,86.26279863,91.04882459,87.26333907,86.56330749,95.80552908,98.91196835,82.00325733,86.11346317,88.92825509,,88.74230431
2012,Oct,86.10400682,81.9579288,54.01809473,86.4334471,90.95840868,87.34939759,86.73557278,95.61487131,98.91196835,82.00325733,86.11346317,89.01682905,,88.9182058
2012,Nov,86.10400682,81.9579288,54.23097392,86.60409556,91.04882459,87.52151463,86.82170543,94.85224023,99.01088032,82.08469055,86.11346317,89.28255093,,89.00615655
2012,Dec,86.01875533,81.87702265,54.39063332,86.77474403,90.86799277,87.60757315,86.90783807,94.75691134,99.01088032,82.16612378,86.11346317,89.37112489,,89.0941073
2013,Jan,86.44501279,82.1197411,59.28685471,87.03071672,91.59132007,88.03786575,87.25236865,94.85224023,99.01088032,82.32899023,86.11346317,89.72542073,,89.35795954
2013,Feb,86.61551577,82.03883495,65.19425226,87.20136519,91.32007233,88.29604131,87.76916451,95.42421354,99.01088032,82.49185668,86.11346317,89.90256864,,89.53386104
2013,Mar,86.61551577,81.87702265,67.11016498,87.45733788,91.22965642,88.29604131,87.85529716,95.23355577,99.01088032,82.65472313,86.11346317,90.16829052,,89.79771328
2013,Apr,86.78601876,81.87702265,67.64236296,87.71331058,91.59132007,88.64027539,88.19982773,94.56625357,99.01088032,83.06188925,86.11346317,90.52258636,,89.88566403
2013,May,86.78601876,81.9579288,68.38744013,87.88395904,91.68173599,88.81239243,88.28596038,94.08960915,99.01088032,83.2247557,86.11346317,90.61116032,,90.06156552
2013,Jun,87.29752771,82.20064725,69.61149548,88.22525597,92.13381555,88.98450947,88.45822567,94.85224023,99.01088032,91.1237785,89.58509738,90.69973428,,90.41336851
2013,Jul,87.46803069,82.52427184,69.77115487,88.3105802,91.86256781,89.15662651,88.63049096,95.51954242,99.01088032,91.20521173,89.66977138,90.78830824,,90.58927001
2013,Aug,87.63853367,82.92880259,69.87759447,88.39590444,91.68173599,89.24268503,88.7166236,95.71020019,99.01088032,91.28664495,89.66977138,90.8768822,,90.67722076
2013,Sep,88.06479113,83.81877023,70.03725386,88.48122867,92.04339964,89.41480207,88.80275624,96.09151573,99.01088032,91.4495114,89.66977138,90.8768822,,90.7651715
2013,Oct,88.15004263,84.30420712,70.14369345,88.5665529,91.68173599,89.50086059,88.88888889,95.42421354,99.01088032,91.4495114,89.66977138,91.05403012,,90.85312225
2013,Nov,88.57630009,84.62783172,70.25013305,88.65187713,92.94755877,89.5869191,89.06115418,95.42421354,99.10979228,91.53094463,89.66977138,91.14260407,,90.941073
2013,Dec,89.25831202,85.27508091,70.72911123,88.99317406,94.21338156,89.75903614,89.23341947,96.18684461,99.01088032,91.61237785,89.66977138,91.31975199,,91.02902375
2014,Jan,89.68456948,85.84142395,71.04843002,89.50511945,94.66546112,90.36144578,89.40568475,96.47283127,99.10979228,91.7752443,89.66977138,91.49689991,,91.29287599
2014,Feb,89.76982097,86.00323625,71.4741884,89.84641638,94.75587703,90.70567986,89.66408269,96.47283127,99.10979228,92.1009772,89.66977138,91.49689991,,91.64467898
2014,Mar,89.68456948,86.00323625,71.95316658,90.10238908,94.03254973,90.79173838,89.83634798,96.47283127,99.10979228,92.18241042,89.66977138,91.49689991,,91.90853122
2014,Apr,89.94032396,86.24595469,72.00638638,90.35836177,94.93670886,90.96385542,90.00861326,96.2821735,99.10979228,92.34527687,89.66977138,91.58547387,,91.99648197
2014,May,90.28132992,86.73139159,72.16604577,90.78498294,95.38878843,91.13597246,90.09474591,96.37750238,99.10979228,92.4267101,89.66977138,91.67404783,,92.17238347
2014,Jun,90.62233589,87.45954693,72.27248536,91.12627986,94.57504521,91.39414802,90.18087855,96.66348904,99.20870425,92.83387622,93.64944962,91.67404783,,92.43623571
2014,Jul,91.13384484,88.43042071,72.37892496,91.38225256,94.30379747,91.56626506,90.69767442,97.33079123,99.20870425,92.91530945,93.73412362,91.76262179,,92.6121372
2014,Aug,91.30434783,89.15857605,72.48536456,91.72354949,94.30379747,91.91049914,90.86993971,96.37750238,99.20870425,93.0781759,93.73412362,91.85119575,,92.70008795
2014,Sep,91.47485081,89.32038835,72.69824375,91.80887372,94.30379747,91.99655766,91.042205,96.09151573,99.30761622,93.24104235,93.73412362,92.02834367,,92.7880387
2014,Oct,91.38959932,89.32038835,72.80468334,91.97952218,94.21338156,92.1686747,91.21447028,95.42421354,99.20870425,93.24104235,93.81879763,92.20549159,,92.7880387
2014,Nov,91.21909633,89.2394822,73.12400213,92.23549488,93.76130199,92.25473322,91.21447028,94.18493804,99.20870425,93.24104235,93.81879763,92.3826395,,92.87598945
2014,Dec,90.96334186,89.2394822,73.28366152,92.40614334,93.1283906,92.25473322,91.55900086,91.80171592,99.20870425,93.32247557,93.81879763,92.55978742,,93.05189094
2015,Jan,91.04859335,89.72491909,73.54976051,92.57679181,92.94755877,92.5989673,91.81739879,89.4184938,99.20870425,93.40390879,93.81879763,92.55978742,,93.22779244
2015,Feb,91.13384484,89.4012945,73.7626397,92.83276451,93.67088608,92.68502582,91.81739879,89.89513823,99.10979228,93.48534202,93.81879763,92.64836138,,93.22779244
2015,Mar,91.04859335,88.99676375,74.02873869,93.00341297,94.03254973,92.77108434,91.90353144,90.84842707,99.10979228,93.56677524,93.81879763,92.73693534,,93.31574318
2015,Apr,91.21909633,89.0776699,74.13517829,93.0887372,94.48462929,93.0292599,91.98966408,90.84842707,99.10979228,93.64820847,93.81879763,92.8255093,,93.49164468
2015,May,91.13384484,88.91585761,74.24161788,93.25938567,94.12296564,93.0292599,92.07579673,91.61105815,99.10979228,93.72964169,93.81879763,92.91408326,,93.49164468
2015,Jun,91.13384484,88.83495146,74.50771687,93.43003413,93.39963834,93.20137694,92.24806202,91.99237369,99.01088032,93.89250814,96.6977138,93.00265722,,93.57959543
2015,Jul,91.30434783,89.2394822,74.61415647,93.51535836,93.30922242,93.20137694,92.50645995,91.3250715,99.10979228,93.89250814,96.6977138,93.09123118,,93.75549692
2015,Aug,91.30434783,89.48220065,74.66737626,93.51535836,93.1283906,93.28743546,92.50645995,90.18112488,99.10979228,93.97394137,96.6977138,93.09123118,,93.93139842
2015,Sep,91.13384484,89.4012945,74.77381586,93.68600683,92.31464738,93.37349398,92.50645995,90.085796,99.10979228,93.97394137,96.6977138,93.09123118,,94.19525066
2015,Oct,91.21909633,89.48220065,74.82703566,93.68600683,92.31464738,93.37349398,92.67872524,90.37178265,99.10979228,94.13680782,96.78238781,93.35695306,,94.54705365
2015,Nov,91.47485081,90.12944984,75.19957424,93.94197952,92.40506329,93.54561102,92.85099053,90.18112488,99.20870425,94.21824104,96.78238781,93.62267493,,94.6350044
2015,Dec,91.64535379,90.21035599,75.51889303,94.19795222,92.85714286,93.71772806,92.93712317,90.6577693,99.20870425,94.29967427,96.78238781,93.44552702,,94.81090589
2016,Jan,91.73060529,90.53398058,75.94465141,94.28327645,92.76672694,93.97590361,93.1955211,89.13250715,99.30761622,94.46254072,96.78238781,93.44552702,,94.81090589
2016,Feb,91.5601023,90.21035599,76.31718999,94.45392491,92.94755877,94.06196213,93.36778639,87.51191611,99.30761622,94.54397394,96.78238781,93.44552702,,95.07475814
2016,Mar,91.5601023,89.88673139,76.79616817,94.53924915,92.85714286,94.14802065,93.36778639,88.46520496,99.20870425,94.62540717,96.78238781,94.24269265,,95.25065963
2016,Apr,91.81585678,89.80582524,76.95582757,94.62457338,93.58047016,94.32013769,93.54005168,88.8465205,99.30761622,94.70684039,96.78238781,94.33126661,,95.42656113
2016,May,91.98635976,90.12944984,77.22192656,94.96587031,93.39963834,94.49225473,93.88458226,89.79980934,99.40652819,94.86970684,96.78238781,94.41984057,,95.60246262
2016,Jun,92.32736573,90.53398058,77.80734433,95.221843,93.58047016,94.66437177,94.14298019,89.99046711,99.40652819,95.03257329,99.40728196,94.50841453,,95.77836412
2016,Jul,92.49786871,90.77669903,78.28632251,95.56313993,94.03254973,94.92254733,94.57364341,89.60915157,99.40652819,95.19543974,99.49195597,94.59698849,,95.95426561
2016,Aug,92.49786871,90.85760518,78.4992017,95.7337884,94.03254973,95.26678141,94.57364341,88.94184938,99.40652819,95.35830619,99.49195597,94.59698849,,96.13016711
2016,Sep,92.6683717,91.10032362,78.76530069,95.98976109,93.76130199,95.43889845,94.83204134,89.32316492,99.50544016,95.43973941,99.49195597,94.68556244,,96.3060686
2016,Oct,92.83887468,91.50485437,78.81852049,96.16040956,93.67088608,95.61101549,95.00430663,89.70448046,99.50544016,95.52117264,99.49195597,94.68556244,,96.4819701
2016,Nov,93.35038363,92.23300971,79.82969665,96.33105802,94.30379747,95.69707401,95.5211025,90.085796,99.50544016,95.92833876,99.83065199,94.86271036,,96.65787159
2016,Dec,93.6913896,92.31391586,80.41511442,96.67235495,94.57504521,95.86919105,95.69336779,92.18303146,99.50544016,95.92833876,99.83065199,95.03985828,,96.83377309
2017,Jan,94.03239557,92.8802589,80.8940926,96.92832765,94.66546112,96.04130809,96.12403101,92.37368923,99.50544016,95.76547231,99.83065199,95.12843224,,96.92172383
2017,Feb,94.37340153,92.96116505,81.79882916,97.09897611,95.75045208,96.21342513,96.2962963,92.75500477,99.60435213,95.92833876,99.83065199,95.2170062,,97.18557608
2017,Mar,94.37340153,92.47572816,82.54390633,97.26962457,96.29294756,96.55765921,96.46856158,93.42230696,99.60435213,96.00977199,99.83065199,95.30558016,,97.36147757
2017,Apr,94.7144075,92.79935275,82.65034593,97.35494881,96.74502712,96.72977625,96.46856158,93.89895138,99.60435213,96.09120521,99.83065199,95.30558016,,97.44942832
2017,May,94.62915601,92.8802589,82.91644492,97.52559727,96.5641953,96.72977625,96.55469423,93.61296473,99.60435213,96.17263844,99.83065199,95.48272808,,97.53737907
2017,Jun,94.62915601,93.28478964,83.2357637,97.69624573,95.29837251,96.81583477,96.81309216,93.23164919,99.60435213,96.41693811,101.3547841,95.74844996,,97.62532982
2017,Jul,94.7144075,93.28478964,83.60830229,97.78156997,95.2079566,97.16006885,96.98535745,93.04099142,99.80217606,97.63843648,101.6088061,95.92559787,,97.97713281
2017,Aug,94.88491049,93.52750809,83.87440128,97.95221843,95.47920434,97.24612737,96.98535745,93.89895138,99.80217606,97.63843648,101.6088061,96.10274579,,98.06508355
2017,Sep,95.48167093,94.09385113,84.03406067,98.03754266,96.74502712,97.41824441,97.07149009,94.66158246,99.80217606,97.39413681,101.6088061,96.45704163,,98.06508355
2017,Oct,95.7374254,94.41747573,84.45981905,98.12286689,96.92585895,97.50430293,97.15762274,94.75691134,99.80217606,97.39413681,101.6088061,96.45704163,,98.1530343
2017,Nov,96.16368286,94.98381877,84.77913784,98.29351536,97.37793852,97.59036145,97.24375538,95.23355577,99.80217606,97.47557003,101.6088061,96.72276351,,98.1530343
2017,Dec,96.41943734,95.55016181,85.47099521,98.37883959,97.19710669,97.84853701,97.24375538,95.90085796,99.80217606,97.55700326,101.6088061,97.07705934,,98.41688654
2018,Jan,97.2,97.1,92,98.8,96.9,98.5,98.3,96.8,99.8,98,97.7,97.2,100,98.8
2018,Feb,97.9,97.4,96.3,99.1,98.1,98.7,98.6,98.2,99.9,98.4,97.7,97.9,100,99.1
2018,Mar,98.4,97.6,98.1,99.3,99,99.2,98.9,98.1,99.9,98.4,97.7,99.1,100,99.3
2018,Apr,98.8,98,99.3,99.5,99.5,99.4,99.1,99.1,99.9,98.5,97.7,99.3,100,99.5
2018,May,99,98.1,99.9,99.6,99.4,99.5,99.4,100,99.9,98.6,97.7,99.7,100,99.7
2018,Jun,99.4,98.8,100.5,99.8,99.6,99.7,99.6,100.6,99.9,99,101.1,99.9,100,99.7
2018,Jul,100.2,99.9,101.3,100.1,100.5,100.2,100.3,100.5,100.1,99.2,101.7,100.3,100,100.2
2018,Aug,101.1,101.6,101.7,100.3,100.9,100.5,100.5,101,100.1,101.7,101.7,100.7,100,100.4
2018,Sep,102.1,103.7,102,100.5,101.4,100.7,100.9,102,100.1,101.8,101.7,101,100,100.5
2018,Oct,102.3,103.5,102.3,100.7,101.7,101,101.1,102.9,100.2,102,101.7,101.2,100,100.7
2018,Nov,102,102.7,103,101,101.6,101.3,101.5,102.3,100.1,102.2,101.7,101.8,100,100.9
2018,Dec,101.4,101.8,103.6,101.1,101.3,101.5,101.7,98.5,100.2,102.3,101.7,102,100,101.1
2019,Jan,101.5,102,105.2,101.4,101.2,101.7,102.1,98.1,100.2,102.5,101.8,102.4,100,101.4
2019,Feb,101.6,101.4,106.9,101.6,102.1,101.9,102.3,99.1,100.2,102.6,101.8,102.6,100,101.5
2019,Mar,101.7,100.7,108.1,101.8,102.6,102.2,102.5,101,100.2,102.6,101.8,102.8,100,101.7
2019,Apr,102,100.7,108.5,101.9,103,102.3,102.8,102.5,100.2,102.8,101.8,103,100,101.8
2019,May,102.2,100.9,108.8,102.1,103.1,102.5,103,103,100.3,103,101.8,103.2,100,101.9
2019,Jun,102.1,101.2,109.3,102.3,102.7,102.7,103.5,101.3,100.3,103.3,104.2,103.4,100,102.2
2019,Jul,102.4,101.4,109.9,102.8,102.9,103.1,104.5,101.5,100.4,103.7,105.1,103.7,100,102.6
2019,Aug,102.5,101.6,111.6,103.1,102.4,103.3,105,101.3,100.4,103.9,105.6,104,100,102.8
2019,Sep,102.6,101.8,115.9,103.3,101.7,103.6,105.3,101.5,100.5,104.1,105.6,104,100,102.9
2019,Oct,102.9,102.1,118,103.5,102.1,103.7,105.4,101.6,100.5,104.2,105.6,104.1,100,103
2019,Nov,103.2,102.4,119.8,103.8,102.7,104,105.8,101.2,100.5,104.3,105.6,104.4,100,103.3
2019,Dec,103.8,103.6,121.4,103.9,103.1,104.2,106,101.7,100.6,104.5,105.6,104.6,100,103.4
2020,Jan,104.5,104.5,123.6,104.2,103.8,104.7,106.4,102.1,100.6,104.7,105.6,104.8,100,103.7
2020,Feb,104.1,103.9,124.8,104.3,103.7,105.2,106.7,100.6,100.6,105,105.6,104.9,100,104
2020,Mar,103.9,103.4,126.2,104.6,103.6,105.8,107,98.7,100.7,105.1,105.6,105.1,100,104.2
2020,Apr,103.8,104.4,126.7,104.7,103,106,107.2,94.9,100.7,105.1,105.6,105.1,100,104.3
2020,May,103.8,104.3,127.3,104.7,102.9,106,107.4,95.6,100.7,105.1,105.6,105.3,100,104.4
2020,Jun,104.4,104.1,128.4,104.9,103,106.2,107.8,101.3,100.7,105.2,105.6,105.4,100,104.6
2020,Jul,104.9,103.8,130.1,105.1,103.3,106.4,108.4,105.3,101,105.4,105.6,105.9,100,105
2020,Aug,104.8,103.5,130.4,105.3,103,106.6,108.7,105.6,101,103.9,105.6,106,100,105.1
2020,Sep,104.9,103.5,130.4,105.4,102.9,106.7,108.9,107.1,101,103.5,106.5,106.1,100,105.3
2020,Oct,105.3,104.3,131.6,105.5,102.8,106.9,109.1,107,101.1,103.6,106.6,106.3,100,105.5
2020,Nov,106.3,106.9,134.5,105.5,103.1,107,109.4,106.3,101.1,103.7,106.6,106.4,100,105.6
2020,Dec,107.2,108.4,135.9,105.7,103.2,107.1,109.9,107.9,101.2,103.8,106.6,107,100,105.8
2021,Jan,108.4,110.7,137.6,105.9,104,107.4,110.4,108.8,101.2,104.1,106.7,107.5,100,106.2
2021,Feb,108.5,110.3,139.4,106.1,104.3,107.6,110.9,108.8,101.3,104.3,106.7,108,100,106.5
2021,Mar,108.2,108.9,140.4,106.4,104.3,107.7,111.3,110.4,101.3,104.4,106.7,108.2,100,106.7
2021,Apr,108.1,108.4,140.9,106.5,104.3,108,111.5,110.7,101.3,104.5,106.7,108.6,143.3,106.8
2021,May,108.1,107.9,141.4,106.7,104.7,108.3,111.8,111.1,101.3,104.6,106.7,109.4,143.3,106.9
2021,Jun,108.3,107.8,141.8,106.8,105.1,108.5,112,111.7,101.5,104.7,106.7,109.8,143.3,107.1
2021,Jul,108.8,107.9,142.2,107.1,106.1,108.6,112.6,112.8,101.5,104.8,106.7,109.9,143.3,107.4
2021,Aug,109.4,109.2,142.6,107.2,106.5,108.7,112.8,113,101.6,105,106.6,110.2,143.3,107.4
2021,Sep,109.3,108.7,142.8,107.4,106.8,109.1,113,113.1,101.7,105.2,107.2,110.3,143.3,107.6
2021,Oct,109.5,108.2,143.1,107.5,107.2,109.1,113.1,115.1,101.7,105.3,107.3,110.3,143.3,107.7
2021,Nov,110.2,109.3,143.8,107.6,108,109.3,113.3,116.7,101.7,105.4,107.3,110.3,143.3,107.9
2021,Dec,110.5,110.1,144.3,107.7,108.5,109.4,113.4,115,101.8,105.5,107.3,110.4,143.3,108
2022,Jan,111.7,112.6,145.3,108,108.7,110,113.8,116.4,101.9,105.7,107.3,110.7,143.3,108.5
2022,Feb,111.8,111.6,145.9,108.1,109.3,110.1,113.9,118.4,101.9,106,107.3,111.1,143.3,108.8
2022,Mar,112.5,111.7,147.2,108.4,110.8,110.5,114.1,121.8,102,106,107.3,111.4,143.3,109
2022,Apr,113.4,112.5,149.2,108.6,111.5,110.8,114.2,125.1,102,106.2,107.3,111.6,143.3,109.3
2022,May,113.9,113.2,151,108.9,111.5,111,114.5,127.3,102,106.4,107.3,112.5,143.3,109.6
2022,Jun,114.9,114.3,152.8,109.2,112,111.6,114.9,130.8,102,106.7,107.3,112.9,143.3,109.9
2022,Jul,115.8,115.3,154.3,109.8,112.2,112,115.3,133.2,102,107.1,107.3,113.6,143.3,110.4
2022,Aug,116.3,116.1,155.9,110.2,113.7,112.4,115.6,129.5,102,107.5,110.6,114.8,143.3,110.9
2022,Sep,116.8,116.7,156.8,110.5,114.6,112.9,115.7,129.5,102.2,108,110.9,115.4,143.3,111.3
2022,Oct,117.9,118.4,158,110.8,115.1,113.3,116,129.5,102.2,108.5,110.9,116.6,143.3,111.7
2022,Nov,119,120.2,159,111.5,115.5,114.2,116.5,131,102.4,108.9,111.2,117.5,143.3,112.4
2022,Dec,119.4,121.3,159.7,111.9,116.1,114.6,116.9,128.4,102.5,109.6,111.2,118.1,143.3,112.9
2023,Jan,121.4,124.6,161.2,112.7,118,115.7,117.6,129.3,102.6,110.1,111.2,119.1,143.3,113.9
2023,Feb,121.4,123.6,162,113.3,118.7,116.9,118.4,129,102.7,110.7,111.2,120.1,143.3,114.6
2023,Mar,121.1,122.1,165.2,113.8,119.2,117.3,118.6,128.2,102.7,110.9,111.2,120.7,143.3,115.1
2023,Apr,120.9,121.4,168.2,114.1,118.7,117.6,118.9,128.4,102.7,111.2,111.2,121.2,143.3,115.5
2023,May,120.9,121.6,169.6,114.5,118.7,117.9,119.2,126.7,102.7,111.6,111.2,121.8,143.3,115.9
2023,Jun,121.1,122,170.5,114.8,118.3,118.3,119.4,126.8,102.7,111.8,111.2,122.2,143.3,116.3
2023,Jul,121.2,122.6,171.1,115.1,117.3,118.5,119.8,126.9,102.7,112.1,111.3,122.6,143.3,116.6
2023,Aug,122.5,125.5,171.6,115.5,116.5,118.7,120.1,129.8,102.7,112.8,113.8,123,143.3,117
2023,Sep,123.9,128,172.2,115.7,117.3,119,120.4,131.1,102.8,113.5,115.1,123.6,143.3,117.3
2023,Oct,123.7,126.7,172.7,116.1,118.1,119.3,120.6,130.8,103,113.9,115.1,124,143.3,117.6
2023,Nov,123.9,127,173.3,116.3,118.4,119.6,120.9,130,103,114.2,115.1,124.1,143.3,117.8
2023,Dec,124.1,127.9,174.1,116.6,117.8,119.8,121.2,128.9,103,114.2,115.1,124.7,143.3,118.1
2024,Jan,124.8,128.9,174.7,117,118.8,120.2,121.5,128.9,103.1,114.5,115.4,125.6,142.4,118.4
2024,Feb,125.5,129.3,175.9,117.4,119.8,120.7,122,130.6,103.1,114.9,115.4,126.5,142.4,119
2024,Mar,125.6,128.9,176.3,117.9,119.8,121.1,122.4,130.9,103.1,115.2,115.4,127.5,142.4,119.3
2024,Apr,125.5,128.7,176.5,118.2,119.2,121.2,122.5,131.7,103.2,115.4,115.4,127.8,142.4,119.6
2024,May,125.6,128.7,176.8,118.4,119.8,121.5,122.7,131.1,103.2,115.5,115.4,128.2,142.4,119.8
2024,Jun,125.6,129.5,177,118.5,118.4,121.6,122.9,130.7,103.2,115.7,115.4,128.4,142.4,120
2024,Jul,126.5,130.4,177,118.7,120,121.8,123.1,131.5,103.2,115.9,118.1,128.6,142.4,120.3
2024,Aug,126.6,130.4,177.2,119,120.9,121.9,123.2,129.6,103.2,116.5,120.1,128.7,142.4,120.5
2024,Sep,126.3,129.8,177.5,119.1,121.2,122.1,123.5,127.9,103.2,116.7,120.1,128.7,142.4,120.7
2024,Oct,126.5,130.4,177.8,119.2,120.9,122.2,123.7,128,103.2,116.9,120.1,128.8,142.4,120.9
2024,Nov,127,131.3,178.7,119.3,120.7,122.8,124,128.5,103.2,116.9,120.1,129,142.4,121.2
2024,Dec,127.7,132.3,179.5,119.4,121.2,123,124.2,130,103.2,117,120.1,129.4,142.4,121.5
2025,Jan,128.4,133.8,180.9,119.7,121.4,123.3,124.5,130.3,103.3,117.3,120.3,129.6,142.4,121.7
2025,Feb,128.1,132.6,181.9,119.9,121.7,123.5,124.8,130.4,103.4,117.7,120.3,130.1,142.4,122.1
2025,Mar,127.8,131.8,182.6,120,121.8,123.7,125.1,129.5,103.5,117.7,120.3,130.4,142.4,122.4
2025,Apr,127.3,129.9,183.1,120.1,122.6,123.8,125.4,128.9,103.5,117.8,120.3,130.7,142.4,122.6
2025,May,127.2,129.8,183.5,120.3,122.6,123.9,125.7,127.9,103.6,118,120.4,130.8,142.4,122.8
2025,Jun,127.3,130,183.8,120.5,122.2,124.2,125.9,128.6,103.6,118.3,121.5,131.1,142.4,122.9
2025,Jul,127.7,130.1,184.4,120.8,122.6,124.3,126.3,128.9,103.7,118.5,123.2,131.5,142.4,123.1
2025,Aug,128.5,131.6,184.7,121,123.4,124.8,126.8,129.2,103.8,118.9,123.7,131.7,142.4,123.5
2025,Sep,128.5,131.1,184.8,121.1,123.8,125,127,129.2,103.8,119.1,123.7,131.8,142.4,123.6
2025,Oct,128.6,131.1,185,121.3,124.2,125.1,127.1,129.2,103.9,119.1,123.7,131.9,142.4,123.9
2025,Nov,128.9,131.4,185.2,121.5,124.2,125.2,127.3,130.7,103.9,119.3,123.7,132.4,142.4,124.1
2025,Dec,130,134.2,185.5,122,124.2,125.3,127.6,130.4,103.9,119.3,123.7,132.5,142.4,124.2
2026,Jan,131,135.3,186.5,122.5,125.4,126.1,128.2,130,104.1,119.9,123.8,134.8,142.4,124.9
2026,Feb,131.2,135,187.6,122.8,126,127.1,128.8,130,104.1,122.8,123.8,135.8,142.4,125.5
2026,Mar,133,135.7,189.4,123.1,127.3,127.5,129.4,142.3,104.2,123.2,123.8,136.9,142.4,125.9
2026,Apr,136.5,137.7,191.9,123.5,132.6,128.1,130.2,156.5,104.4,123.6,123.8,138.5,142.4,126.6
2026,May,135.8,137.2,193.5,123.9,132.2,128.7,130.8,148.6,104.5,124.1,123.8,139.6,142.4,127
